Rank,Points,Player,Duck Life 1,,,,,,,,,,Duck Life 2,,,,,,Duck Life 3: Evolution,,,,,,,,Duck Life 4,,,,,,Duck Life 2013,,Duck Life: Treasure Hunt,,Duck Life Space,,Duck Life Battle,,,Duck Life Adventure,,Duck Life 9: The Flock,,Duck Life 4 Classic
,,,No Major Glitches,,,,Glitched,,,,In Browser,,No Major Glitches,,Glitched,,,In Browser,No Major Glitches,,,,,Glitched,,In Browser,No Major Glitches,Glitched,,,,In Browser,Any%,Max Skills,Any%,Olympian%,Any%,Max Skills,Any%,No Early Fly,Glitchless,Any%,Glitchless,Any%,All Trophies,Any%
,,,Any%,100%,No Skill Seed,Single Activity,Any%,No RcB,King of Ducks,100%,Any%,100%,Any%,All Level Upgrades,Any%,No Tab,All Level Upgrades,Any%,Swimming,Athletic,Strength,Flying,All Duck Types,Any%,All Duck Types,Any%,Any%,Any%,All Races,All Worlds,Max%,Any%,,,,,,,,,,,,,,
1,1785,Cheggjon,12:24 (95),13:40 (73),16:00 (63),24:56 (55),1:08 (56),7:20 (53),10:28 (64),12:33 (51),20:18 (82),22:33 (66),19:12 (71),24:18 (57),46 (62),7:28 (43),12:52 (41),28:03 (59),32:49 (50),31:02 (71),31:39 (59),32:57 (51),2:14:25 (48),16:03 (14),,,58:51 (46),31 (47),9:26 (41),54:41 (19),,,51:45 (52),,8:00 (48),2:27:12 (38),24:07 (55),1:02:31 (39),35:43 (33),1:05:21 (31),,,,1:04:06 (35),,1:38:39 (17)
2,1644,snivy,13:09 (85),15:12 (59),17:08 (55),26:15 (49),1:25 (36),8:33 (39),13:00 (41),16:01 (31),20:23 (82),23:20 (62),20:24 (63),30:41 (36),46 (62),7:21 (44),12:39 (42),31:10 (48),34:37 (45),32:26 (65),34:13 (51),35:14 (45),,10:33 (33),44:30 (26),37:05 (59),,,13:09 (21),,,56:09 (67),53:02 (50),1:53:39 (29),7:21 (57),2:18:24 (43),25:19 (50),1:01:47 (40),34:53 (35),59:07 (38),1:19:10 (28),5:40:31 (9),6:27:34 (19),,,
3,1640,ennopponetwelve,12:36 (92),13:49 (72),16:47 (58),25:03 (54),1:15 (46),7:37 (50),11:06 (57),12:38 (51),20:57 (77),24:18 (57),18:57 (73),24:29 (56),46 (62),7:33 (42),13:04 (39),33:48 (41),30:09 (60),30:18 (75),30:48 (62),31:37 (56),2:07:33 (54),9:06 (44),54:18 (17),40:01 (50),1:33:01 (18),37 (33),10:37 (32),,,1:20:27 (33),1:07:52 (30),,9:27 (34),,28:35 (39),,41:21 (25),1:07:50 (29),1:28:48 (22),,,,,
4,1616,Sabi2798,12:16 (97),13:29 (75),15:46 (65),24:04 (59),1:08 (56),7:18 (54),10:25 (64),12:23 (53),,,18:33 (76),23:26 (61),46 (62),6:56 (50),11:29 (51),,30:25 (59),30:29 (74),31:10 (61),31:35 (56),2:13:09 (49),8:49 (47),38:39 (34),,50:39 (62),31 (47),8:43 (48),,,,1:01:09 (37),,,,23:17 (59),57:16 (47),,,1:19:42 (27),3:11:07 (29),,1:01:44 (38),,1:33:41 (19)
5,1499,Caarda,12:06 (100),13:21 (77),15:40 (66),24:30 (56),1:06 (59),7:13 (55),10:21 (65),11:54 (57),,,18:35 (76),23:28 (61),46 (62),6:54 (50),11:28 (51),,29:50 (61),29:52 (77),30:11 (65),30:59 (58),2:03:45 (57),9:32 (40),,,49:44 (64),29 (53),8:45 (48),38:15 (38),,,,,,,31:42 (32),,1:08:49 (9),1:08:49 (28),,,4:48:22 (34),,,
6,1444,Fqceless,12:34 (93),14:23 (66),17:33 (53),25:40 (51),1:10 (52),7:46 (48),11:10 (56),12:54 (49),21:37 (73),24:24 (57),19:32 (69),26:06 (49),46 (62),7:53 (38),14:15 (33),,32:56 (50),31:58 (67),32:22 (57),32:24 (53),2:14:42 (48),13:39 (20),,,1:10:46 (32),32 (44),8:48 (47),56:37 (17),3:14:37 (20),,,,7:43 (52),,29:45 (36),1:10:37 (31),1:31:36 (5),1:31:36 (16),,,,,,
7,1292,piplup17,13:13 (84),14:28 (66),17:17 (54),26:46 (47),1:55 (19),8:35 (39),11:33 (52),14:06 (41),21:46 (72),,19:45 (67),24:57 (54),51 (50),9:15 (28),15:58 (26),29:26 (53),32:44 (51),31:52 (68),32:56 (55),33:33 (49),2:26:12 (41),11:20 (28),,1:05:32 (19),1:58:26 (11),38 (31),,,,,59:33 (39),,13:23 (17),,28:23 (40),1:10:12 (31),1:36:06 (5),1:36:06 (14),,,7:16:01 (15),2:39:01 (6),3:48:45 (20),
8,1243,Creepiumgamer,12:15 (98),13:28 (76),15:55 (64),23:46 (60),1:08 (56),7:10 (56),10:24 (64),12:05 (55),19:13 (92),21:46 (71),18:27 (77),23:30 (61),,,,26:54 (64),30:58 (57),,,,,,,35:13 (65),,,,,,,,,,,23:45 (57),57:47 (46),29:42 (48),1:00:30 (36),1:06:12 (40),,,,,
9,1029,ILikeBaguette25,13:34 (80),14:30 (65),17:03 (56),,,,11:23 (54),,19:48 (87),,19:37 (68),25:11 (53),,,,,32:34 (51),36:19 (52),,,,,,,1:11:10 (31),,,41:22 (32),,1:22:10 (31),1:01:24 (37),1:54:13 (29),8:09 (46),,27:32 (42),1:02:49 (39),30:33 (45),52:36 (48),1:05:11 (41),,,,,1:02:52 (42)
10,1026,TheGlitched64,13:16 (83),14:39 (64),17:08 (55),26:43 (47),1:21 (39),7:58 (45),11:52 (49),13:57 (41),21:28 (74),,19:45 (67),25:31 (51),49 (55),8:19 (34),14:50 (30),,,33:02 (63),,,2:18:36 (45),,,,1:28:12 (20),44 (23),20:59 (8),,,,,,9:27 (34),2:43:58 (31),32:14 (31),1:35:03 (17),1:34:58 (5),1:34:58 (15),,,,,,
11,638,Gabriel.Hartman,13:50 (77),15:58 (54),,30:04 (37),1:27 (34),8:37 (39),11:24 (54),13:59 (41),,,20:01 (65),,49 (55),,14:14 (33),,,33:09 (63),,,2:15:30 (48),,,,1:42:52 (15),,12:43 (23),,,,,,,,,,,,,,,,,
12,493,schefey,13:30 (80),16:16 (52),22:17 (33),34:20 (29),,,,,,,20:53 (60),,48 (57),,,,,34:52 (56),,,2:30:11 (39),,,,,,,,,,1:23:57 (20),,11:38 (23),3:35:19 (18),34:46 (26),,,,,,,,,
13,471,pianodude1011,12:23 (95),,,,,,,,,,,,,,,,31:30 (55),30:32 (74),31:27 (60),32:43 (52),2:12:41 (50),9:14 (43),,,,,,,,,,,,,27:27 (42),,,,,,,,,
14,460,rothegreat,12:23 (95),15:09 (60),17:29 (53),,,,,,,,,27:05 (46),,,,,34:12 (46),32:53 (64),,,,,,,,,,,,,53:26 (49),,,,26:13 (47),,,,,,,,,
15,447,Xzap77,,22:06 (28),20:59 (37),,,,,,24:08 (58),,26:47 (37),32:51 (31),,,,,36:56 (40),38:17 (47),,38:17 (38),2:35:12 (36),,,51:47 (30),,,,,,1:17:03 (36),1:08:46 (29),,,,,,,,,,,,,
16,438,NinjaSquirrel,,,,28:38 (41),,,,,,26:34 (48),20:31 (62),27:01 (46),49 (55),,,30:57 (48),,,,,,,,39:28 (52),,,,,,1:04:27 (51),,,,2:32:40 (35),,,,,,,,,,
17,427,Regia,13:18 (83),,,31:35 (34),2:03 (17),9:02 (35),11:53 (49),,,,20:47 (61),,,,,,,34:32 (58),,,,,,,1:50:34 (13),47 (20),13:43 (19),,,,,,21:05 (7),,32:17 (31),,,,,,,,,
18,423,Joeeigel,13:25 (81),,,,,,11:40 (51),,,,19:47 (67),25:35 (51),,,,,,32:27 (65),,,2:32:39 (37),,,,,31 (47),,,,,,,,,36:09 (24),,,,,,,,,
19,420,SpeedrunNerd,13:35 (79),15:55 (54),17:48 (51),,,,,,24:43 (56),,20:44 (61),,,,,,,37:57 (48),39:25 (38),40:48 (33),,,,,,,,,,,,,,,,,,,,,,,,
20,410,Kyrette,12:52 (88),13:56 (71),16:55 (57),26:21 (49),,8:10 (43),11:35 (52),12:40 (50),,,,,,,,,,,,,,,,,,,,,,,,,,,,,,,,,,,,
21,372,Nicko893,14:57 (66),,19:15 (44),,,,,,,,19:28 (69),,1:01 (35),,,,,32:56 (63),32:34 (56),,,,,,,,,,,,,,,,28:33 (39),,,,,,,,,
22,359,Aspen71,14:16 (72),16:22 (51),17:35 (52),,,,,,,,25:10 (41),,,,,,,35:21 (55),35:52 (46),,2:23:37 (42),,,,,,,,,,,,,,,,,,,,,,,
23,318,FlipK1cky,13:10 (84),14:54 (62),,28:42 (41),1:30 (32),,,,,,,,,,,,,35:48 (54),36:11 (45),,,,,,,,,,,,,,,,,,,,,,,,,
24,309,meepoman1,,,,,,,,,,,,27:56 (43),,,,,32:16 (52),30:59 (72),32:16 (57),33:30 (50),,,,,,,,,,,,,,,30:19 (35),,,,,,,,,
25,291,dtsayshi,14:06 (74),15:56 (54),,,,,,,24:09 (58),,25:08 (41),46:58 (15),,,,,,39:20 (44),,,,,,,,4:41 (1),,,,,,,26:57 (4),,,,,,,,,,,
26,291,Chuf,14:19 (71),,,,,,,,,,20:45 (61),,,,,,,38:41 (46),,,,,,,1:07:58 (34),,,,,,,,8:12 (46),,31:22 (33),,,,,,,,,
27,266,SheenSimpson,29:01 (17),29:01 (16),29:01 (19),48:17 (15),22:10 (0),22:10 (6),22:10 (14),22:10 (16),,,39:44 (17),39:44 (21),51 (50),29:06 (3),29:06 (8),,,,,43:11 (30),2:52:57 (29),,,,2:54:54 (5),,,,,,,,,,,,,,,,,,,
28,235,Pragara,,,,,,,,,19:59 (85),,,,,,,28:24 (57),,,,,,,,35:40 (63),,,,,,1:24:42 (30),,,,,,,,,,,,,,
29,230,LowVVVV,14:08 (73),15:20 (58),17:05 (56),27:55 (43),,,,,,,,,,,,,,,,,,,,,,,,,,,,,,,,,,,,,,,,
30,223,nahchoXD,,,,,,,,,20:07 (84),23:33 (61),,,,,,37:50 (32),,,,,,,,41:58 (46),,,,,,,,,,,,,,,,,,,,
31,221,SummerPi314159,13:27 (81),15:34 (57),,,,,,,,,,,,,,,,36:35 (51),,,,,,,,,,,,1:21:16 (32),,,,,,,,,,,,,,
32,210,Psylaris,12:59 (87),,16:52 (57),,,,,,,,19:56 (66),,,,,,,,,,,,,,,,,,,,,,,,,,,,,,,,,
33,196,badmuchachob,13:49 (77),,,,,,,,,,,,46 (62),,,,,,,,,,,,,28 (57),,,,,,,,,,,,,,,,,,
34,176,InsErtNameHere46,13:50 (77),,,,,,,,24:30 (57),,25:06 (42),,,,,,,,,,,,,,,,,,,,,,,,,,,,,,,,,
35,175,Creggaeton,14:03 (74),,18:18 (48),,,,,,25:24 (53),,,,,,,,,,,,,,,,,,,,,,,,,,,,,,,,,,,
36,173,OutrageousJosh,13:31 (80),,17:24 (54),,,,,,,,25:54 (39),,,,,,,,,,,,,,,,,,,,,,,,,,,,,,,,,
37,164,PlexagonsBuff,15:16 (63),,,40:59 (20),,,,,,,,,,,,,,,,,,,,,,,,,,,1:47:47 (12),,7:52 (50),3:25:52 (19),,,,,,,,,,
38,163,Lodren,12:38 (92),13:54 (71),,,,,,,,,,,,,,,,,,,,,,,,,,,,,,,,,,,,,,,,,,
39,158,SirLampsaLot,17:57 (45),,,,,,,,,,24:17 (44),,,,,,,31:27 (69),,,,,,,,,,,,,,,,,,,,,,,,,,
40,156,Raffii,12:38 (92),14:37 (64),,,,,,,,,,,,,,,,,,,,,,,,,,,,,,,,,,,,,,,,,,
41,154,ZZJET7,14:00 (75),,,,,,,,20:48 (79),,,,,,,,,,,,,,,,,,,,,,,,,,,,,,,,,,,
42,153,DiamondHuskyMC,,,,,,,,,,,,,,,,,,32:39 (64),34:16 (50),,2:29:00 (39),,,,,,,,,,,,,,,,,,,,,,,
43,151,Ayeka,16:54 (51),16:54 (48),,,16:54 (0),,16:54 (24),16:54 (28),,,,,,,,,,,,,,,,,,,,,,,,,,,,,,,,,,,,
44,150,Nulzap,,,,,,,,,20:17 (83),22:26 (67),,,,,,,,,,,,,,,,,,,,,,,,,,,,,,,,,,
45,149,Querxes,18:13 (44),,,35:59 (26),,,,,29:47 (38),28:46 (41),,,,,,,,,,,,,,,,,,,,,,,,,,,,,,,,,,
46,148,Yoshikiller109,16:32 (54),,,,,,,,,,22:44 (51),,,,,,,39:57 (43),,,,,,,,,,,,,,,,,,,,,,,,,,
47,143,9Withers,,,,,,,,,,,,,47 (59),,,,,,,,,,,,,,,,,,1:08:46 (29),,7:29 (55),,,,,,,,,,,
48,142,ZoomingArrow,13:30 (80),,,,,,,,,,20:35 (62),,,,,,,,,,,,,,,,,,,,,,,,,,,,,,,,,
49,141,Jeser101,13:50 (77),,,,,,11:59 (48),22:29 (16),,,,,,,,,,,,,,,,,,,,,,,,,,,,,,,,,,,,
50,140,xzRockin,15:12 (63),,17:57 (50),,,,16:09 (27),,,,,,,,,,,,,,,,,,,,,,,,,,,,,,,,,,,,,
51,139,cheavus,12:38 (92),,,,,,,,,,23:40 (47),,,,,,,,,,,,,,,,,,,,,,,,,,,,,,,,,
52,139,Polariz,15:32 (61),,,,2:13 (15),,14:11 (35),16:53 (28),,,,,,,,,,,,,,,,,,,,,,,,,,,,,,,,,,,,
53,139,tjf220,,,,,,,,,21:37 (73),22:30 (66),,,,,,,,,,,,,,,,,,,,,,,,,,,,,,,,,,
54,137,Bronsicle,13:46 (77),15:11 (60),,,,,,,,,,,,,,,,,,,,,,,,,,,,,,,,,,,,,,,,,,
55,136,0r4nge,16:13 (56),,,,,,,,20:39 (80),,,,,,,,,,,,,,,,,,,,,,,,,,,,,,,,,,,
56,134,SchwarzSSB,15:29 (61),,,,,,,,33:24 (30),,24:46 (43),,,,,,,,,,,,,,,,,,,,,,,,,,,,,,,,,
57,134,thecooldog123,,21:31 (30),,,,,,,,,20:10 (64),,,,,,,41:38 (40),,,,,,,,,,,,,,,,,,,,,,,,,,
58,131,Meme,14:00 (75),15:39 (56),,,,,,,,,,,,,,,,,,,,,,,,,,,,,,,,,,,,,,,,,,
59,130,Stuwe,13:40 (78),,,25:34 (52),,,,,,,,,,,,,,,,,,,,,,,,,,,,,,,,,,,,,,,,
60,127,lTurtlesl,,,,,,,,,,,19:53 (66),,,,,,,33:27 (61),,,,,,,,,,,,,,,,,,,,,,,,,,
61,126,RobotMania,17:34 (47),,,,,,,,24:35 (56),,,,,,,45:13 (23),,,,,,,,,,,,,,,,,,,,,,,,,,,,
62,123,sydney_beth,,,,,,,,,23:53 (60),,,,,,,41:09 (27),,,,,,,,47:34 (36),,,,,,,,,,,,,,,,,,,,
63,122,CounterSole66,,,,,,,,,22:21 (68),24:57 (54),,,,,,,,,,,,,,,,,,,,,,,,,,,,,,,,,,
64,121,grandeer,15:16 (63),,,,,,,,24:13 (58),,,,,,,,,,,,,,,,,,,,,,,,,,,,,,,,,,,
65,121,FortniteChipper,,,,,,,17:43 (22),,,,,,,,,,,35:49 (54),36:17 (45),,,,,,,,,,,,,,,,,,,,,,,,,
66,120,NoBoundaries,15:14 (63),,,,,,,,,,,,48 (57),,,,,,,,,,,,,,,,,,,,,,,,,,,,,,,
67,120,Rycki,,,,,,,,,25:32 (52),22:19 (68),,,,,,,,,,,,,,,,,,,,,,,,,,,,,,,,,,
68,116,BenedictFleur123,,,,,,,,,22:24 (68),26:35 (48),,,,,,,,,,,,,,,,,,,,,,,,,,,,,,,,,,
69,114,Molehole,14:43 (68),17:20 (46),,,,,,,,,,,,,,,,,,,,,,,,,,,,,,,,,,,,,,,,,,
70,114,YouveBeanBad,16:50 (52),,,,,,,,23:23 (62),,,,,,,,,,,,,,,,,,,,,,,,,,,,,,,,,,,
71,114,Somebody,,,,,,,,,26:25 (49),,,,,,,41:16 (27),,,,,,,,45:57 (38),,,,,,,,,,,,,,,,,,,,
72,113,Erikfzf,15:20 (62),,17:45 (51),,,,,,,,,,,,,,,,,,,,,,,,,,,,,,,,,,,,,,,,,
73,112,Matt4132,14:35 (69),,,,,,,,,,24:48 (43),,,,,,,,,,,,,,,,,,,,,,,,,,,,,,,,,
74,109,p1cklen1k,15:09 (64),17:33 (45),,,,,,,,,,,,,,,,,,,,,,,,,,,,,,,,,,,,,,,,,,
75,107,realburntchicken,14:45 (67),,,,,,,,29:14 (40),,,,,,,,,,,,,,,,,,,,,,,,,,,,,,,,,,,
76,106,AnnoyingFishe,13:57 (75),,,,,,,,,,29:02 (31),,,,,,,,,,,,,,,,,,,,,,,,,,,,,,,,,
77,106,MaxClash101,15:36 (60),,18:52 (46),,,,,,,,,,,,,,,,,,,,,,,,,,,,,,,,,,,,,,,,,
78,106,NeonicPlays,17:24 (48),,16:43 (58),,,,,,,,,,,,,,,,,,,,,,,,,,,,,,,,,,,,,,,,,
79,106,Silentboob,,,,,,,,,,,,,,,,,,34:01 (59),35:25 (47),,,,,,,,,,,,,,,,,,,,,,,,,
80,105,FreakByrd,,,,,,,,,30:26 (37),,,,,,,52:44 (17),,,,,,,,52:25 (29),,,,,,1:45:08 (19),,,34:22 (3),,,,,,,,,,,
81,104,goblin_boi_,14:58 (65),,,,,,,,,,25:50 (39),,,,,,,,,,,,,,,,,,,,,,,,,,,,,,,,,
82,103,rriittzzballz,19:00 (41),,,,,,,,23:22 (62),,,,,,,,,,,,,,,,,,,,,,,,,,,,,,,,,,,
83,100,KingLavaCactus,15:29 (61),,,,,,,,,,25:57 (39),,,,,,,,,,,,,,,,,,,,,,,,,,,,,,,,,
84,99,WyoBear,14:37 (69),,,,,,,,,,,,,,,,,47:40 (30),,,,,,,,,,,,,,,,,,,,,,,,,,
85,99,chipscape,,,,,,,,,21:46 (72),,,,,,,41:21 (27),,,,,,,,,,,,,,,,,,,,,,,,,,,,
86,99,Me_ow,,,,,,,,,23:54 (59),,,,,,,,,,,,,,,,,,,,,1:12:38 (40),,,,,,,,,,,,,,
87,98,Signal_Ehxx,15:48 (59),,,29:25 (39),,,,,,,,,,,,,,,,,,,,,,,,,,,,,,,,,,,,,,,,
88,98,TRLittleToaster,20:12 (36),,,,,,,,,,32:41 (25),,,,,,,43:01 (37),,,,,,,,,,,,,,,,,,,,,,,,,,
89,97,CrunchKings,,,,,6:31 (2),,13:21 (39),22:57 (15),,,,,,,,,,40:45 (41),,,,,,,,,,,,,,,,,,,,,,,,,,
90,96,Breakfast_Enjoyer,23:28 (27),,,,,,,,,,31:43 (26),,,,,,35:32 (43),,,,,,,,,,,,,,,,,,,,,,,,,,,
91,93,cobiscobby,14:55 (66),22:35 (27),,,,,,,,,,,,,,,,,,,,,,,,,,,,,,,,,,,,,,,,,,
92,93,squareSquared,,,,,,,,,22:54 (65),,,,,,,40:21 (28),,,,,,,,,,,,,,,,,,,,,,,,,,,,
93,93,rqR6S,,,,,,,,,24:42 (56),30:04 (37),,,,,,,,,,,,,,,,,,,,,,,,,,,,,,,,,,
94,92,chalk_,12:37 (92),,,,,,,,,,,,,,,,,,,,,,,,,,,,,,,,,,,,,,,,,,,
95,92,Pale_Manny,12:38 (92),,,,,,,,,,,,,,,,,,,,,,,,,,,,,,,,,,,,,,,,,,,
96,92,Imanapple,,,,,,,,,19:13 (92),,,,,,,,,,,,,,,,,,,,,,,,,,,,,,,,,,,
97,91,LogicDefender,12:42 (91),,,,,,,,,,,,,,,,,,,,,,,,,,,,,,,,,,,,,,,,,,,
98,91,Asylum14,,,,38:01 (23),,9:56 (29),13:21 (39),,,,,,,,,,,,,,,,,,,,,,,,,,,,,,,,,,,,,
99,91,Mydude2_0,,,,,,,,,,,,,,,,,43:10 (29),42:11 (39),50:49 (23),,,,,,,,,,,,,,,,,,,,,,,,,
100,90,Arbusion,12:47 (90),,,,,,,,,,,,,,,,,,,,,,,,,,,,,,,,,,,,,,,,,,,
101,90,Shenegade,15:54 (58),,,,,,,,,,28:47 (32),,,,,,,,,,,,,,,,,,,,,,,,,,,,,,,,,
102,90,Ultimaaa,,,,,,,,,30:06 (37),25:18 (53),,,,,,,,,,,,,,,,,,,,,,,,,,,,,,,,,,
103,90,Wurtweakle,,,,,,,,,,,,,48 (57),8:32 (33),,,,,,,,,,,,,,,,,,,,,,,,,,,,,,
104,89,WhiteStorm22,,,,,,,,,19:29 (89),,,,,,,,,,,,,,,,,,,,,,,,,,,,,,,,,,,
105,89,origammi,,,,,,,,,22:25 (68),,,,,,,46:57 (21),,,,,,,,,,,,,,,,,,,,,,,,,,,,
106,89,Juggzy,,,,,,,,,,,27:38 (34),,49 (55),,,,,,,,,,,,,,,,,,,,,,,,,,,,,,,
107,89,Tatox3,,,,,,,,,,,,,,,,,,39:07 (45),36:38 (44),,,,,,,,,,,,,,,,,,,,,,,,,
108,88,Dragox3,12:52 (88),,,,,,,,,,,,,,,,,,,,,,,,,,,,,,,,,,,,,,,,,,,
109,88,Lachurs,12:54 (88),,,,,,,,,,,,,,,,,,,,,,,,,,,,,,,,,,,,,,,,,,,
110,87,THEFASTEST,16:43 (52),19:54 (35),,,,,,,,,,,,,,,,,,,,,,,,,,,,,,,,,,,,,,,,,,
111,87,Cornbread121,17:23 (48),,,,,,,,,,25:53 (39),,,,,,,,,,,,,,,,,,,,,,,,,,,,,,,,,
112,87,ConfusedBTW,,,,,,,,,19:45 (87),,,,,,,,,,,,,,,,,,,,,,,,,,,,,,,,,,,
113,87,FlareBlitz,,,,,,,,,27:31 (45),28:21 (42),,,,,,,,,,,,,,,,,,,,,,,,,,,,,,,,,,
114,86,ankka,13:03 (86),,,,,,,,,,,,,,,,,,,,,,,,,,,,,,,,,,,,,,,,,,,
115,86,MambaDooEezy,13:03 (86),,,,,,,,,,,,,,,,,,,,,,,,,,,,,,,,,,,,,,,,,,,
116,86,Reality1337,13:04 (86),,,,,,,,,,,,,,,,,,,,,,,,,,,,,,,,,,,,,,,,,,,
117,86,pr1sm,13:05 (86),,,,,,,,,,,,,,,,,,,,,,,,,,,,,,,,,,,,,,,,,,,
118,86,Woofstep,,,19:21 (43),,,,,,,,,,,,,,,,,,,,,,,,,,,,,,8:29 (43),,,,,,,,,,,
119,86,cyclo9000,,,,,,,,,25:49 (51),,,,,,,,,,,,,,,,,,,,,1:17:34 (35),,,,,,,,,,,,,,
120,85,Axther,13:07 (85),,,,,,,,,,,,,,,,,,,,,,,,,,,,,,,,,,,,,,,,,,,
121,85,UnrealArchon,13:08 (85),,,,,,,,,,,,,,,,,,,,,,,,,,,,,,,,,,,,,,,,,,,
122,85,ILikeBloons,,,,,,,,,40:37 (21),,20:18 (64),,,,,,,,,,,,,,,,,,,,,,,,,,,,,,,,,
123,84,JonnyXX9,13:10 (84),,,,,,,,,,,,,,,,,,,,,,,,,,,,,,,,,,,,,,,,,,,
124,83,LDJ1337,13:16 (83),,,,,,,,,,,,,,,,,,,,,,,,,,,,,,,,,,,,,,,,,,,
125,82,bananaman1302,13:21 (82),,,,,,,,,,,,,,,,,,,,,,,,,,,,,,,,,,,,,,,,,,,
126,82,FlawlessDiamond,13:22 (82),,,,,,,,,,,,,,,,,,,,,,,,,,,,,,,,,,,,,,,,,,,
127,82,ThePenelopySisters,13:23 (82),,,,,,,,,,,,,,,,,,,,,,,,,,,,,,,,,,,,,,,,,,,
128,82,life8853,13:24 (82),,,,,,,,,,,,,,,,,,,,,,,,,,,,,,,,,,,,,,,,,,,
129,81,FlavienSR,13:25 (81),,,,,,,,,,,,,,,,,,,,,,,,,,,,,,,,,,,,,,,,,,,
130,81,JustAKiddo,13:26 (81),,,,,,,,,,,,,,,,,,,,,,,,,,,,,,,,,,,,,,,,,,,
131,81,acrosonic,13:27 (81),,,,,,,,,,,,,,,,,,,,,,,,,,,,,,,,,,,,,,,,,,,
132,81,Ways16,13:28 (81),,,,,,,,,,,,,,,,,,,,,,,,,,,,,,,,,,,,,,,,,,,
133,80,furyian,13:30 (80),,,,,,,,,,,,,,,,,,,,,,,,,,,,,,,,,,,,,,,,,,,
134,80,mattshea,13:33 (80),,,,,,,,,,,,,,,,,,,,,,,,,,,,,,,,,,,,,,,,,,,
135,80,Epicoz,13:34 (80),,,,,,,,,,,,,,,,,,,,,,,,,,,,,,,,,,,,,,,,,,,
136,80,EliDaBaby,22:54 (28),,,,,,,,25:39 (52),,,,,,,,,,,,,,,,,,,,,,,,,,,,,,,,,,,
137,80,TheAlmond,45:22 (7),,,,,,,,27:27 (45),34:57 (28),,,,,,,,,,,,,,,,,,,,,,,,,,,,,,,,,,
138,80,Kosmet,,,,,,,,,20:33 (80),,,,,,,,,,,,,,,,,,,,,,,,,,,,,,,,,,,
139,80,TTVillegalkid,,,,,,,,,24:04 (59),,,,,,,47:23 (21),,,,,,,,,,,,,,,,,,,,,,,,,,,,
140,79,Maqic,13:36 (79),,,,,,,,,,,,,,,,,,,,,,,,,,,,,,,,,,,,,,,,,,,
141,79,csercser3,13:38 (79),,,,,,,,,,,,,,,,,,,,,,,,,,,,,,,,,,,,,,,,,,,
142,79,blister269,13:38 (79),,,,,,,,,,,,,,,,,,,,,,,,,,,,,,,,,,,,,,,,,,,
143,79,rocketseed,16:17 (55),,,,,,,,,,,,,,,,,,50:05 (24),,,,,,,,,,,,,,,,,,,,,,,,,
144,79,AstroXAlf,,,,,,,,,20:47 (79),,,,,,,,,,,,,,,,,,,,,,,,,,,,,,,,,,,
145,78,OwnJoke,13:41 (78),,,,,,,,,,,,,,,,,,,,,,,,,,,,,,,,,,,,,,,,,,,
146,78,SayonUnderscore,13:41 (78),,,,,,,,,,,,,,,,,,,,,,,,,,,,,,,,,,,,,,,,,,,
147,78,Crazy_Soup,13:42 (78),,,,,,,,,,,,,,,,,,,,,,,,,,,,,,,,,,,,,,,,,,,
148,78,peanutninja,13:43 (78),,,,,,,,,,,,,,,,,,,,,,,,,,,,,,,,,,,,,,,,,,,
149,78,jcamp613,13:43 (78),,,,,,,,,,,,,,,,,,,,,,,,,,,,,,,,,,,,,,,,,,,
150,78,MCBHammer,13:44 (78),,,,,,,,,,,,,,,,,,,,,,,,,,,,,,,,,,,,,,,,,,,
151,78,Cyan1,13:44 (78),,,,,,,,,,,,,,,,,,,,,,,,,,,,,,,,,,,,,,,,,,,
152,78,greatovospeedrunner,20:11 (36),,,,,,,,,,34:52 (22),,,,,,,57:58 (20),,,,,,,,,,,,,,,,,,,,,,,,,,
153,78,mistysurge,,,,,,,,,24:55 (55),,,,,,,44:50 (23),,,,,,,,,,,,,,,,,,,,,,,,,,,,
154,77,panda-dan-yt,13:45 (77),,,,,,,,,,,,,,,,,,,,,,,,,,,,,,,,,,,,,,,,,,,
155,77,Te_N_,13:46 (77),,,,,,,,,,,,,,,,,,,,,,,,,,,,,,,,,,,,,,,,,,,
156,77,Ris_Grestar,13:46 (77),,,,,,,,,,,,,,,,,,,,,,,,,,,,,,,,,,,,,,,,,,,
157,77,CGMB,13:47 (77),,,,,,,,,,,,,,,,,,,,,,,,,,,,,,,,,,,,,,,,,,,
158,77,octopiee,13:47 (77),,,,,,,,,,,,,,,,,,,,,,,,,,,,,,,,,,,,,,,,,,,
159,77,Mykhul,13:47 (77),,,,,,,,,,,,,,,,,,,,,,,,,,,,,,,,,,,,,,,,,,,
160,77,TrentinQuarantino,13:47 (77),,,,,,,,,,,,,,,,,,,,,,,,,,,,,,,,,,,,,,,,,,,
161,77,CeleryControl,13:49 (77),,,,,,,,,,,,,,,,,,,,,,,,,,,,,,,,,,,,,,,,,,,
162,77,leando,13:49 (77),,,,,,,,,,,,,,,,,,,,,,,,,,,,,,,,,,,,,,,,,,,
163,77,Bunger,13:50 (77),,,,,,,,,,,,,,,,,,,,,,,,,,,,,,,,,,,,,,,,,,,
164,77,Misha_Flash,19:37 (38),,,,,8:35 (39),,,,,,,,,,,,,,,,,,,,,,,,,,,,,,,,,,,,,,
165,76,MerpItUp,13:52 (76),,,,,,,,,,,,,,,,,,,,,,,,,,,,,,,,,,,,,,,,,,,
166,76,Apl3ater,13:53 (76),,,,,,,,,,,,,,,,,,,,,,,,,,,,,,,,,,,,,,,,,,,
167,76,Brian_WF,13:55 (76),,,,,,,,,,,,,,,,,,,,,,,,,,,,,,,,,,,,,,,,,,,
168,76,TheyCallMeGhys,,,,,,,,,21:05 (76),,,,,,,,,,,,,,,,,,,,,,,,,,,,,,,,,,,
169,76,matthew2400000,,,,,,,,,21:05 (76),,,,,,,,,,,,,,,,,,,,,,,,,,,,,,,,,,,
170,76,JayEmL,,,,,,,,,21:08 (76),,,,,,,,,,,,,,,,,,,,,,,,,,,,,,,,,,,
171,75,Brave,13:56 (75),,,,,,,,,,,,,,,,,,,,,,,,,,,,,,,,,,,,,,,,,,,
172,75,StarGic,13:56 (75),,,,,,,,,,,,,,,,,,,,,,,,,,,,,,,,,,,,,,,,,,,
173,75,redding,13:56 (75),,,,,,,,,,,,,,,,,,,,,,,,,,,,,,,,,,,,,,,,,,,
174,75,wisdom_horse,13:57 (75),,,,,,,,,,,,,,,,,,,,,,,,,,,,,,,,,,,,,,,,,,,
175,75,dazed,13:57 (75),,,,,,,,,,,,,,,,,,,,,,,,,,,,,,,,,,,,,,,,,,,
176,75,mittens_11,13:58 (75),,,,,,,,,,,,,,,,,,,,,,,,,,,,,,,,,,,,,,,,,,,
177,75,KurtSkrrt,13:58 (75),,,,,,,,,,,,,,,,,,,,,,,,,,,,,,,,,,,,,,,,,,,
178,75,Intalijowe,13:59 (75),,,,,,,,,,,,,,,,,,,,,,,,,,,,,,,,,,,,,,,,,,,
179,75,BoostedBeta,13:59 (75),,,,,,,,,,,,,,,,,,,,,,,,,,,,,,,,,,,,,,,,,,,
180,75,ShankerJN,14:00 (75),,,,,,,,,,,,,,,,,,,,,,,,,,,,,,,,,,,,,,,,,,,
181,75,LexonLexoff,14:01 (75),,,,,,,,,,,,,,,,,,,,,,,,,,,,,,,,,,,,,,,,,,,
182,75,Pokeypsu07,14:01 (75),,,,,,,,,,,,,,,,,,,,,,,,,,,,,,,,,,,,,,,,,,,
183,75,GrizHawk,14:01 (75),,,,,,,,,,,,,,,,,,,,,,,,,,,,,,,,,,,,,,,,,,,
184,75,VortexlolXD,,,,,,,,,21:15 (75),,,,,,,,,,,,,,,,,,,,,,,,,,,,,,,,,,,
185,75,osceyboy,,,,,,,,,21:16 (75),,,,,,,,,,,,,,,,,,,,,,,,,,,,,,,,,,,
186,75,Belle_M_05,,,,,,,,,21:16 (75),,,,,,,,,,,,,,,,,,,,,,,,,,,,,,,,,,,
187,75,shmorgus,,,,,,,,,,,18:44 (75),,,,,,,,,,,,,,,,,,,,,,,,,,,,,,,,,
188,74,duckpig13,14:02 (74),,,,,,,,,,,,,,,,,,,,,,,,,,,,,,,,,,,,,,,,,,,
189,74,Klerpx,14:03 (74),,,,,,,,,,,,,,,,,,,,,,,,,,,,,,,,,,,,,,,,,,,
190,74,Danxi,14:03 (74),,,,,,,,,,,,,,,,,,,,,,,,,,,,,,,,,,,,,,,,,,,
191,74,MoistBrownie,14:04 (74),,,,,,,,,,,,,,,,,,,,,,,,,,,,,,,,,,,,,,,,,,,
192,74,pud3222,14:05 (74),,,,,,,,,,,,,,,,,,,,,,,,,,,,,,,,,,,,,,,,,,,
193,74,DLChamp,14:05 (74),,,,,,,,,,,,,,,,,,,,,,,,,,,,,,,,,,,,,,,,,,,
194,74,MrSouls1947,14:05 (74),,,,,,,,,,,,,,,,,,,,,,,,,,,,,,,,,,,,,,,,,,,
195,74,JClawy,14:06 (74),,,,,,,,,,,,,,,,,,,,,,,,,,,,,,,,,,,,,,,,,,,
196,74,fivehead,14:06 (74),,,,,,,,,,,,,,,,,,,,,,,,,,,,,,,,,,,,,,,,,,,
197,74,crustyspeed,14:06 (74),,,,,,,,,,,,,,,,,,,,,,,,,,,,,,,,,,,,,,,,,,,
198,74,TossedGotNewSocks,,,,,,,,,21:22 (74),,,,,,,,,,,,,,,,,,,,,,,,,,,,,,,,,,,
199,74,duckywho,,,,,,,,,21:29 (74),,,,,,,,,,,,,,,,,,,,,,,,,,,,,,,,,,,
200,73,Shuckle44,14:07 (73),,,,,,,,,,,,,,,,,,,,,,,,,,,,,,,,,,,,,,,,,,,
201,73,Srp321,14:10 (73),,,,,,,,,,,,,,,,,,,,,,,,,,,,,,,,,,,,,,,,,,,
202,73,Jack3226,14:11 (73),,,,,,,,,,,,,,,,,,,,,,,,,,,,,,,,,,,,,,,,,,,
203,73,zypotic,14:11 (73),,,,,,,,,,,,,,,,,,,,,,,,,,,,,,,,,,,,,,,,,,,
204,73,Techno64,14:11 (73),,,,,,,,,,,,,,,,,,,,,,,,,,,,,,,,,,,,,,,,,,,
205,73,brook1yn_,14:11 (73),,,,,,,,,,,,,,,,,,,,,,,,,,,,,,,,,,,,,,,,,,,
206,73,pancakezgaming,14:12 (73),,,,,,,,,,,,,,,,,,,,,,,,,,,,,,,,,,,,,,,,,,,
207,73,Òenomäus,,,,,,,,,21:34 (73),,,,,,,,,,,,,,,,,,,,,,,,,,,,,,,,,,,
208,73,SawyerSauce,,,,,,,,,21:34 (73),,,,,,,,,,,,,,,,,,,,,,,,,,,,,,,,,,,
209,72,Pogo17,14:13 (72),,,,,,,,,,,,,,,,,,,,,,,,,,,,,,,,,,,,,,,,,,,
210,72,tonusbonus,14:13 (72),,,,,,,,,,,,,,,,,,,,,,,,,,,,,,,,,,,,,,,,,,,
211,72,kalebbbbb,14:13 (72),,,,,,,,,,,,,,,,,,,,,,,,,,,,,,,,,,,,,,,,,,,
212,72,BlueCrystal004,14:15 (72),,,,,,,,,,,,,,,,,,,,,,,,,,,,,,,,,,,,,,,,,,,
213,72,cunure,14:16 (72),,,,,,,,,,,,,,,,,,,,,,,,,,,,,,,,,,,,,,,,,,,
214,72,T0XICReaper,14:17 (72),,,,,,,,,,,,,,,,,,,,,,,,,,,,,,,,,,,,,,,,,,,
215,72,OverheadRed,14:17 (72),,,,,,,,,,,,,,,,,,,,,,,,,,,,,,,,,,,,,,,,,,,
216,72,DrakeJman,14:18 (72),,,,,,,,,,,,,,,,,,,,,,,,,,,,,,,,,,,,,,,,,,,
217,72,Dankey19,14:18 (72),,,,,,,,,,,,,,,,,,,,,,,,,,,,,,,,,,,,,,,,,,,
218,72,donuts-and-chickens,14:18 (72),,,,,,,,,,,,,,,,,,,,,,,,,,,,,,,,,,,,,,,,,,,
219,72,Xen0m,,,,,,,,,21:40 (72),,,,,,,,,,,,,,,,,,,,,,,,,,,,,,,,,,,
220,72,pavansingh811,,,,,,,,,21:43 (72),,,,,,,,,,,,,,,,,,,,,,,,,,,,,,,,,,,
221,72,TDJoel,,,,,,,,,21:47 (72),,,,,,,,,,,,,,,,,,,,,,,,,,,,,,,,,,,
222,72,TheOGDorkLord,,,,,,,,,,,,,,,,,40:45 (33),41:53 (39),,,,,,,,,,,,,,,,,,,,,,,,,,
223,71,pdspeed,14:19 (71),,,,,,,,,,,,,,,,,,,,,,,,,,,,,,,,,,,,,,,,,,,
224,71,itsgreeeny,14:21 (71),,,,,,,,,,,,,,,,,,,,,,,,,,,,,,,,,,,,,,,,,,,
225,71,Goldenux,14:22 (71),,,,,,,,,,,,,,,,,,,,,,,,,,,,,,,,,,,,,,,,,,,
226,71,goatcheese,14:22 (71),,,,,,,,,,,,,,,,,,,,,,,,,,,,,,,,,,,,,,,,,,,
227,71,Pyromanic8,14:24 (71),,,,,,,,,,,,,,,,,,,,,,,,,,,,,,,,,,,,,,,,,,,
228,71,EpicTrister,,,,,,,,,21:49 (71),,,,,,,,,,,,,,,,,,,,,,,,,,,,,,,,,,,
229,71,FieldRaccoon56,,,,,,,,,21:49 (71),,,,,,,,,,,,,,,,,,,,,,,,,,,,,,,,,,,
230,71,pollland,,,,,,,,,21:54 (71),,,,,,,,,,,,,,,,,,,,,,,,,,,,,,,,,,,
231,71,CosmoCat,,,,,,,,,,,19:13 (71),,,,,,,,,,,,,,,,,,,,,,,,,,,,,,,,,
232,70,KiJiJiCasul,14:25 (70),,,,,,,,,,,,,,,,,,,,,,,,,,,,,,,,,,,,,,,,,,,
233,70,SoupSiren,14:25 (70),,,,,,,,,,,,,,,,,,,,,,,,,,,,,,,,,,,,,,,,,,,
234,70,Mitespark,14:27 (70),,,,,,,,,,,,,,,,,,,,,,,,,,,,,,,,,,,,,,,,,,,
235,70,ablader22,19:56 (37),,,,,,,,31:58 (33),,,,,,,,,,,,,,,,,,,,,,,,,,,,,,,,,,,
236,69,zackwebs,14:31 (69),,,,,,,,,,,,,,,,,,,,,,,,,,,,,,,,,,,,,,,,,,,
237,69,Catcher,14:33 (69),,,,,,,,,,,,,,,,,,,,,,,,,,,,,,,,,,,,,,,,,,,
238,69,Labyrinth,14:33 (69),,,,,,,,,,,,,,,,,,,,,,,,,,,,,,,,,,,,,,,,,,,
239,69,standa.kostik,14:35 (69),,,,,,,,,,,,,,,,,,,,,,,,,,,,,,,,,,,,,,,,,,,
240,69,Irox,14:35 (69),,,,,,,,,,,,,,,,,,,,,,,,,,,,,,,,,,,,,,,,,,,
241,69,PotatoLatte,14:35 (69),,,,,,,,,,,,,,,,,,,,,,,,,,,,,,,,,,,,,,,,,,,
242,69,Luke1297,14:36 (69),,,,,,,,,,,,,,,,,,,,,,,,,,,,,,,,,,,,,,,,,,,
243,69,Jamonsometoast,,,,,,,,,22:09 (69),,,,,,,,,,,,,,,,,,,,,,,,,,,,,,,,,,,
244,69,TheNamesBrodie,,,,,,,,,22:12 (69),,,,,,,,,,,,,,,,,,,,,,,,,,,,,,,,,,,
245,69,yee312,,,,,,,,,,,,,,,,,,,,,,,,,,,,,,55:25 (69),,,,,,,,,,,,,,
246,68,Lyfrano,14:38 (68),,,,,,,,,,,,,,,,,,,,,,,,,,,,,,,,,,,,,,,,,,,
247,68,Spencer_mooz,14:39 (68),,,,,,,,,,,,,,,,,,,,,,,,,,,,,,,,,,,,,,,,,,,
248,68,Sir_Yupp,14:40 (68),,,,,,,,,,,,,,,,,,,,,,,,,,,,,,,,,,,,,,,,,,,
249,68,seamaniac81,14:41 (68),,,,,,,,,,,,,,,,,,,,,,,,,,,,,,,,,,,,,,,,,,,
250,68,FreezFrog,14:42 (68),,,,,,,,,,,,,,,,,,,,,,,,,,,,,,,,,,,,,,,,,,,
251,68,Peakab0o,14:43 (68),,,,,,,,,,,,,,,,,,,,,,,,,,,,,,,,,,,,,,,,,,,
252,68,Saragossa,14:43 (68),,,,,,,,,,,,,,,,,,,,,,,,,,,,,,,,,,,,,,,,,,,
253,68,ITXDEMI,20:25 (35),,,,,,,,,,,,,,,,,45:17 (33),,,,,,,,,,,,,,,,,,,,,,,,,,
254,68,EpicTevan878,,,,,,,,,22:20 (68),,,,,,,,,,,,,,,,,,,,,,,,,,,,,,,,,,,
255,67,SayMyName,14:44 (67),,,,,,,,,,,,,,,,,,,,,,,,,,,,,,,,,,,,,,,,,,,
256,67,Chin,14:45 (67),,,,,,,,,,,,,,,,,,,,,,,,,,,,,,,,,,,,,,,,,,,
257,67,haydosd22,14:45 (67),,,,,,,,,,,,,,,,,,,,,,,,,,,,,,,,,,,,,,,,,,,
258,67,luckybeee,14:47 (67),,,,,,,,,,,,,,,,,,,,,,,,,,,,,,,,,,,,,,,,,,,
259,67,grycworm,14:49 (67),,,,,,,,,,,,,,,,,,,,,,,,,,,,,,,,,,,,,,,,,,,
260,67,1nstant,14:50 (67),,,,,,,,,,,,,,,,,,,,,,,,,,,,,,,,,,,,,,,,,,,
261,67,OllieTheEpicGamer,27:03 (20),,,,,,,,26:57 (47),,,,,,,,,,,,,,,,,,,,,,,,,,,,,,,,,,,
262,67,Longfield,,,,,,,,,22:30 (67),,,,,,,,,,,,,,,,,,,,,,,,,,,,,,,,,,,
263,66,Sansone53,14:51 (66),,,,,,,,,,,,,,,,,,,,,,,,,,,,,,,,,,,,,,,,,,,
264,66,MKWilliam,14:51 (66),,,,,,,,,,,,,,,,,,,,,,,,,,,,,,,,,,,,,,,,,,,
265,66,Shumi,14:51 (66),,,,,,,,,,,,,,,,,,,,,,,,,,,,,,,,,,,,,,,,,,,
266,66,MoltenAir,14:51 (66),,,,,,,,,,,,,,,,,,,,,,,,,,,,,,,,,,,,,,,,,,,
267,66,Milovaith,14:52 (66),,,,,,,,,,,,,,,,,,,,,,,,,,,,,,,,,,,,,,,,,,,
268,66,Brrrrread,14:53 (66),,,,,,,,,,,,,,,,,,,,,,,,,,,,,,,,,,,,,,,,,,,
269,66,JamieMart98,14:56 (66),,,,,,,,,,,,,,,,,,,,,,,,,,,,,,,,,,,,,,,,,,,
270,66,NotASwarm,14:57 (66),,,,,,,,,,,,,,,,,,,,,,,,,,,,,,,,,,,,,,,,,,,
271,66,Keegan42,14:57 (66),,,,,,,,,,,,,,,,,,,,,,,,,,,,,,,,,,,,,,,,,,,
272,66,BaconBitz11,14:57 (66),,,,,,,,,,,,,,,,,,,,,,,,,,,,,,,,,,,,,,,,,,,
273,66,Gaigus,,,,,,,,,22:40 (66),,,,,,,,,,,,,,,,,,,,,,,,,,,,,,,,,,,
274,66,LogicalPaths,,,,,,,,,22:42 (66),,,,,,,,,,,,,,,,,,,,,,,,,,,,,,,,,,,
275,66,Merritt1254,,,,,,,,,22:43 (66),,,,,,,,,,,,,,,,,,,,,,,,,,,,,,,,,,,
276,66,enemyy,,,,,,,,,22:43 (66),,,,,,,,,,,,,,,,,,,,,,,,,,,,,,,,,,,
277,66,BaldWatermelon,,,,,,,,,31:48 (34),,28:31 (32),,,,,,,,,,,,,,,,,,,,,,,,,,,,,,,,,
278,66,Marceline,,,,,,,,,,,19:59 (66),,,,,,,,,,,,,,,,,,,,,,,,,,,,,,,,,
279,65,Dzhekson,14:58 (65),,,,,,,,,,,,,,,,,,,,,,,,,,,,,,,,,,,,,,,,,,,
280,65,BoogeyMan,14:59 (65),,,,,,,,,,,,,,,,,,,,,,,,,,,,,,,,,,,,,,,,,,,
281,65,deimos_owo,14:59 (65),,,,,,,,,,,,,,,,,,,,,,,,,,,,,,,,,,,,,,,,,,,
282,65,BigMac,15:00 (65),,,,,,,,,,,,,,,,,,,,,,,,,,,,,,,,,,,,,,,,,,,
283,65,GorillazAbbeyRoadie,15:00 (65),,,,,,,,,,,,,,,,,,,,,,,,,,,,,,,,,,,,,,,,,,,
284,65,SmolDud,15:00 (65),,,,,,,,,,,,,,,,,,,,,,,,,,,,,,,,,,,,,,,,,,,
285,65,ScottWills22,15:00 (65),,,,,,,,,,,,,,,,,,,,,,,,,,,,,,,,,,,,,,,,,,,
286,65,ThatDatFatPanda,15:03 (65),,,,,,,,,,,,,,,,,,,,,,,,,,,,,,,,,,,,,,,,,,,
287,65,tabuz,18:20 (44),,,,,,,,,,,,,,,,,,,51:30 (21),,,,,,,,,,,,,,,,,,,,,,,,
288,65,TOM_SUCKS,18:26 (43),,,,,,,,,,,,,,,,,,51:49 (22),,,,,,,,,,,,,,,,,,,,,,,,,
289,65,JavaCyber,26:15 (21),,,,,,,,44:15 (17),,,1:04:34 (8),,,,,,1:00:30 (19),,,,,,,,,,,,,,,,,,,,,,,,,,
290,65,GRADIVUSbread,,,,,,,,,,22:49 (65),,,,,,,,,,,,,,,,,,,,,,,,,,,,,,,,,,
291,65,tommmmasssssss,,,,,,,,,22:55 (65),,,,,,,,,,,,,,,,,,,,,,,,,,,,,,,,,,,
292,65,Wronghand,,,,,,,,,22:57 (65),,,,,,,,,,,,,,,,,,,,,,,,,,,,,,,,,,,
293,64,GanymedeUTDR,15:05 (64),,,,,,,,,,,,,,,,,,,,,,,,,,,,,,,,,,,,,,,,,,,
294,64,DPaq,15:06 (64),,,,,,,,,,,,,,,,,,,,,,,,,,,,,,,,,,,,,,,,,,,
295,64,BurningBlaziken,15:06 (64),,,,,,,,,,,,,,,,,,,,,,,,,,,,,,,,,,,,,,,,,,,
296,64,BluesyCorgi5587,15:07 (64),,,,,,,,,,,,,,,,,,,,,,,,,,,,,,,,,,,,,,,,,,,
297,64,RebornILLUMINATI,15:08 (64),,,,,,,,,,,,,,,,,,,,,,,,,,,,,,,,,,,,,,,,,,,
298,64,Eviosin,15:08 (64),,,,,,,,,,,,,,,,,,,,,,,,,,,,,,,,,,,,,,,,,,,
299,64,tittylover690,15:09 (64),,,,,,,,,,,,,,,,,,,,,,,,,,,,,,,,,,,,,,,,,,,
300,64,CloseToAverage,25:26 (23),,,,,,,,28:53 (41),,,,,,,,,,,,,,,,,,,,,,,,,,,,,,,,,,,
301,64,yesJacob,,,,,,,,,23:00 (64),,,,,,,,,,,,,,,,,,,,,,,,,,,,,,,,,,,
302,64,Jsummers33,,,,,,,,,23:03 (64),,,,,,,,,,,,,,,,,,,,,,,,,,,,,,,,,,,
303,64,Decals,,,,,,,,,23:04 (64),,,,,,,,,,,,,,,,,,,,,,,,,,,,,,,,,,,
304,64,rayah,,,,,,,,,23:06 (64),,,,,,,,,,,,,,,,,,,,,,,,,,,,,,,,,,,
305,64,nerpice,,,,,,,,,23:06 (64),,,,,,,,,,,,,,,,,,,,,,,,,,,,,,,,,,,
306,64,SaveThePenguinzzz,,,,,,,,,,,20:17 (64),,,,,,,,,,,,,,,,,,,,,,,,,,,,,,,,,
307,64,LookAtMeMonkey,,,,,,,,,,,,,,,,,,32:40 (64),,,,,,,,,,,,,,,,,,,,,,,,,,
308,64,JessFMCS,,,,,,,,,,,,,,,,,,32:47 (64),,,,,,,,,,,,,,,,,,,,,,,,,,
309,64,Cannon1trick,,,,,,,,,,,,,,,,,,,,,,,,,,,,,,57:30 (64),,,,,,,,,,,,,,
310,63,Tang207,,14:48 (63),,,,,,,,,,,,,,,,,,,,,,,,,,,,,,,,,,,,,,,,,,
311,63,Sherika,15:12 (63),,,,,,,,,,,,,,,,,,,,,,,,,,,,,,,,,,,,,,,,,,,
312,63,DeBugg,15:12 (63),,,,,,,,,,,,,,,,,,,,,,,,,,,,,,,,,,,,,,,,,,,
313,63,Magster188,15:12 (63),,,,,,,,,,,,,,,,,,,,,,,,,,,,,,,,,,,,,,,,,,,
314,63,athlete54321,15:13 (63),,,,,,,,,,,,,,,,,,,,,,,,,,,,,,,,,,,,,,,,,,,
315,63,Silver76,15:14 (63),,,,,,,,,,,,,,,,,,,,,,,,,,,,,,,,,,,,,,,,,,,
316,63,Anduril,15:14 (63),,,,,,,,,,,,,,,,,,,,,,,,,,,,,,,,,,,,,,,,,,,
317,63,THEFASTEST2,15:16 (63),,,,,,,,,,,,,,,,,,,,,,,,,,,,,,,,,,,,,,,,,,,
318,63,EazySpeezy,15:18 (63),,,,,,,,,,,,,,,,,,,,,,,,,,,,,,,,,,,,,,,,,,,
319,63,awesomeotts,15:18 (63),,,,,,,,,,,,,,,,,,,,,,,,,,,,,,,,,,,,,,,,,,,
320,63,qwex,,,,,,,,,23:10 (63),,,,,,,,,,,,,,,,,,,,,,,,,,,,,,,,,,,
321,63,AirFreshenerGuy,,,,,,,,,23:13 (63),,,,,,,,,,,,,,,,,,,,,,,,,,,,,,,,,,,
322,63,Decos,,,,,,,,,23:13 (63),,,,,,,,,,,,,,,,,,,,,,,,,,,,,,,,,,,
323,63,wespoint7,,,,,,,,,,,,,,,,,,,,,,,,35:49 (63),,,,,,,,,,,,,,,,,,,,
324,62,Matyim,15:19 (62),,,,,,,,,,,,,,,,,,,,,,,,,,,,,,,,,,,,,,,,,,,
325,62,Azorbz,15:19 (62),,,,,,,,,,,,,,,,,,,,,,,,,,,,,,,,,,,,,,,,,,,
326,62,morbiose_juice,15:21 (62),,,,,,,,,,,,,,,,,,,,,,,,,,,,,,,,,,,,,,,,,,,
327,62,jrod4pats,15:24 (62),,,,,,,,,,,,,,,,,,,,,,,,,,,,,,,,,,,,,,,,,,,
328,62,22eyedgargoyle,15:25 (62),,,,,,,,,,,,,,,,,,,,,,,,,,,,,,,,,,,,,,,,,,,
329,62,Izzometer,,,,,,,,,23:20 (62),,,,,,,,,,,,,,,,,,,,,,,,,,,,,,,,,,,
330,62,EnSnaredKnight,,,,,,,,,23:21 (62),,,,,,,,,,,,,,,,,,,,,,,,,,,,,,,,,,,
331,62,Karma1412,,,,,,,,,23:22 (62),,,,,,,,,,,,,,,,,,,,,,,,,,,,,,,,,,,
332,62,D49David49,,,,,,,,,23:22 (62),,,,,,,,,,,,,,,,,,,,,,,,,,,,,,,,,,,
333,62,ryo31337,,,,,,,,,,,,,46 (62),,,,,,,,,,,,,,,,,,,,,,,,,,,,,,,
334,62,DanielWealth,,,,,,,,,,,,,46 (62),,,,,,,,,,,,,,,,,,,,,,,,,,,,,,,
335,62,Jollyc,,,,,,,,,,,,,46 (62),,,,,,,,,,,,,,,,,,,,,,,,,,,,,,,
336,62,MattSucksAtLife,,,,,,,,,,,,,,,,,,45:27 (33),,43:27 (29),,,,,,,,,,,,,,,,,,,,,,,,
337,61,SpicyOranges,,14:58 (61),,,,,,,,,,,,,,,,,,,,,,,,,,,,,,,,,,,,,,,,,,
338,61,matthew688,15:26 (61),,,,,,,,,,,,,,,,,,,,,,,,,,,,,,,,,,,,,,,,,,,
339,61,Kevy1885,15:27 (61),,,,,,,,,,,,,,,,,,,,,,,,,,,,,,,,,,,,,,,,,,,
340,61,JustXav,15:27 (61),,,,,,,,,,,,,,,,,,,,,,,,,,,,,,,,,,,,,,,,,,,
341,61,ScaryRedPanda,15:28 (61),,,,,,,,,,,,,,,,,,,,,,,,,,,,,,,,,,,,,,,,,,,
342,61,TXLonghornFan22,15:30 (61),,,,,,,,,,,,,,,,,,,,,,,,,,,,,,,,,,,,,,,,,,,
343,61,JiffeVo,15:30 (61),,,,,,,,,,,,,,,,,,,,,,,,,,,,,,,,,,,,,,,,,,,
344,61,njtred,15:32 (61),,,,,,,,,,,,,,,,,,,,,,,,,,,,,,,,,,,,,,,,,,,
345,61,goopoog,,,,,,,,,23:31 (61),,,,,,,,,,,,,,,,,,,,,,,,,,,,,,,,,,,
346,61,ZayedGaming,,,,,,,,,23:32 (61),,,,,,,,,,,,,,,,,,,,,,,,,,,,,,,,,,,
347,61,EIGHT_O_CLOCK,,,,,,,,,23:34 (61),,,,,,,,,,,,,,,,,,,,,,,,,,,,,,,,,,,
348,61,dekelse,,,,,,,,,23:35 (61),,,,,,,,,,,,,,,,,,,,,,,,,,,,,,,,,,,
349,61,Lubov,,,,,,,,,23:37 (61),,,,,,,,,,,,,,,,,,,,,,,,,,,,,,,,,,,
350,61,Tourtles,,,,,,,,,23:38 (61),,,,,,,,,,,,,,,,,,,,,,,,,,,,,,,,,,,
351,61,ScItt0,,,,,,,,,23:38 (61),,,,,,,,,,,,,,,,,,,,,,,,,,,,,,,,,,,
352,61,Joshp_275,,,,,,,,,23:38 (61),,,,,,,,,,,,,,,,,,,,,,,,,,,,,,,,,,,
353,61,jeli,,,,,,,,,23:41 (61),,,,,,,,,,,,,,,,,,,,,,,,,,,,,,,,,,,
354,61,Galaxycat,,,,,,,,,23:41 (61),,,,,,,,,,,,,,,,,,,,,,,,,,,,,,,,,,,
355,60,ayoitscat,15:34 (60),,,,,,,,,,,,,,,,,,,,,,,,,,,,,,,,,,,,,,,,,,,
356,60,ImDart,15:34 (60),,,,,,,,,,,,,,,,,,,,,,,,,,,,,,,,,,,,,,,,,,,
357,60,ZombiehunterX3,15:36 (60),,,,,,,,,,,,,,,,,,,,,,,,,,,,,,,,,,,,,,,,,,,
358,60,AVitt,15:36 (60),,,,,,,,,,,,,,,,,,,,,,,,,,,,,,,,,,,,,,,,,,,
359,60,Antonyantys,15:37 (60),,,,,,,,,,,,,,,,,,,,,,,,,,,,,,,,,,,,,,,,,,,
360,60,CuteBob,15:38 (60),,,,,,,,,,,,,,,,,,,,,,,,,,,,,,,,,,,,,,,,,,,
361,60,Daddymonstar,15:39 (60),,,,,,,,,,,,,,,,,,,,,,,,,,,,,,,,,,,,,,,,,,,
362,60,MiiKaa,15:39 (60),,,,,,,,,,,,,,,,,,,,,,,,,,,,,,,,,,,,,,,,,,,
363,60,Bat,15:41 (60),,,,,,,,,,,,,,,,,,,,,,,,,,,,,,,,,,,,,,,,,,,
364,60,ItzBruhMoment,19:19 (39),25:49 (21),,,,,,,,,,,,,,,,,,,,,,,,,,,,,,,,,,,,,,,,,,
365,60,Snxper,19:28 (39),,,,,,,,40:38 (21),,,,,,,,,,,,,,,,,,,,,,,,,,,,,,,,,,,
366,60,thickboi,20:55 (33),,,,,,,,35:18 (27),,,,,,,,,,,,,,,,,,,,,,,,,,,,,,,,,,,
367,60,DaemosGhost,23:34 (26),,,,,,,,,,,,,,,,,45:05 (34),,,,,,,,,,,,,,,,,,,,,,,,,,
368,60,Rhylow,,,,,,,,,23:42 (60),,,,,,,,,,,,,,,,,,,,,,,,,,,,,,,,,,,
369,60,kathow,,,,,,,,,23:50 (60),,,,,,,,,,,,,,,,,,,,,,,,,,,,,,,,,,,
370,60,Spyder_Hax,,,,,,,,,23:51 (60),,,,,,,,,,,,,,,,,,,,,,,,,,,,,,,,,,,
371,59,mochimossball,15:42 (59),,,,,,,,,,,,,,,,,,,,,,,,,,,,,,,,,,,,,,,,,,,
372,59,DuckLifeEsports,15:43 (59),,,,,,,,,,,,,,,,,,,,,,,,,,,,,,,,,,,,,,,,,,,
373,59,0Shadowz,15:43 (59),,,,,,,,,,,,,,,,,,,,,,,,,,,,,,,,,,,,,,,,,,,
374,59,Deodatus_,15:43 (59),,,,,,,,,,,,,,,,,,,,,,,,,,,,,,,,,,,,,,,,,,,
375,59,alex742,15:45 (59),,,,,,,,,,,,,,,,,,,,,,,,,,,,,,,,,,,,,,,,,,,
376,59,barros_,15:46 (59),,,,,,,,,,,,,,,,,,,,,,,,,,,,,,,,,,,,,,,,,,,
377,59,trumpetpapi2,15:49 (59),,,,,,,,,,,,,,,,,,,,,,,,,,,,,,,,,,,,,,,,,,,
378,59,JManiac15,,,,,,,,,24:00 (59),,,,,,,,,,,,,,,,,,,,,,,,,,,,,,,,,,,
379,59,Pancake11037,,,,,,,,,24:03 (59),,,,,,,,,,,,,,,,,,,,,,,,,,,,,,,,,,,
380,59,L1k3Lukas,,,,,,,,,24:04 (59),,,,,,,,,,,,,,,,,,,,,,,,,,,,,,,,,,,
381,59,KaundiKat,,,,,,,,,,,,,,,,,,,,,,,,,,,,,,59:54 (59),,,,,,,,,,,,,,
382,58,TheCoolNinja4,15:51 (58),,,,,,,,,,,,,,,,,,,,,,,,,,,,,,,,,,,,,,,,,,,
383,58,C43,15:52 (58),,,,,,,,,,,,,,,,,,,,,,,,,,,,,,,,,,,,,,,,,,,
384,58,AvdolsFather,15:52 (58),,,,,,,,,,,,,,,,,,,,,,,,,,,,,,,,,,,,,,,,,,,
385,58,5CentBanana,15:53 (58),,,,,,,,,,,,,,,,,,,,,,,,,,,,,,,,,,,,,,,,,,,
386,58,henry_jackson0,15:54 (58),,,,,,,,,,,,,,,,,,,,,,,,,,,,,,,,,,,,,,,,,,,
387,58,RedShurt,15:54 (58),,,,,,,,,,,,,,,,,,,,,,,,,,,,,,,,,,,,,,,,,,,
388,58,Drewuid,15:56 (58),,,,,,,,,,,,,,,,,,,,,,,,,,,,,,,,,,,,,,,,,,,
389,58,9AirFresheners,,,,,,,,,24:08 (58),,,,,,,,,,,,,,,,,,,,,,,,,,,,,,,,,,,
390,58,Davo2544,,,,,,,,,24:18 (58),,,,,,,,,,,,,,,,,,,,,,,,,,,,,,,,,,,
391,58,BlueberryMuffinns,,,,,,,,,,,,,,,,,,34:24 (58),,,,,,,,,,,,,,,,,,,,,,,,,,
392,57,integralpython,15:58 (57),,,,,,,,,,,,,,,,,,,,,,,,,,,,,,,,,,,,,,,,,,,
393,57,SZero01,15:58 (57),,,,,,,,,,,,,,,,,,,,,,,,,,,,,,,,,,,,,,,,,,,
394,57,ITZ-YE-BOY-ADEN,15:58 (57),,,,,,,,,,,,,,,,,,,,,,,,,,,,,,,,,,,,,,,,,,,
395,57,dolgo,15:59 (57),,,,,,,,,,,,,,,,,,,,,,,,,,,,,,,,,,,,,,,,,,,
396,57,barronw20,15:59 (57),,,,,,,,,,,,,,,,,,,,,,,,,,,,,,,,,,,,,,,,,,,
397,57,ShadoweQ666,16:00 (57),,,,,,,,,,,,,,,,,,,,,,,,,,,,,,,,,,,,,,,,,,,
398,57,yaradanakul,16:03 (57),,,,,,,,,,,,,,,,,,,,,,,,,,,,,,,,,,,,,,,,,,,
399,57,amik1337,16:03 (57),,,,,,,,,,,,,,,,,,,,,,,,,,,,,,,,,,,,,,,,,,,
400,57,WitherMin,16:05 (57),,,,,,,,,,,,,,,,,,,,,,,,,,,,,,,,,,,,,,,,,,,
401,57,Chicken_joe,16:05 (57),,,,,,,,,,,,,,,,,,,,,,,,,,,,,,,,,,,,,,,,,,,
402,57,Dnaky,,,,,,,,,24:19 (57),,,,,,,,,,,,,,,,,,,,,,,,,,,,,,,,,,,
403,57,GoatMode,,,,,,,,,24:22 (57),,,,,,,,,,,,,,,,,,,,,,,,,,,,,,,,,,,
404,57,ADOPTMEPLAYER,,,,,,,,,24:23 (57),,,,,,,,,,,,,,,,,,,,,,,,,,,,,,,,,,,
405,57,LolokoolGaming,,,,,,,,,24:25 (57),,,,,,,,,,,,,,,,,,,,,,,,,,,,,,,,,,,
406,57,mckinley,,,,,,,,,,,,,48 (57),,,,,,,,,,,,,,,,,,,,,,,,,,,,,,,
407,57,Taqqz,,,,,,,,,,,,,,,,,,,,,,,,37:41 (57),,,,,,,,,,,,,,,,,,,,
408,56,LochTechMonster,16:09 (56),,,,,,,,,,,,,,,,,,,,,,,,,,,,,,,,,,,,,,,,,,,
409,56,EverydayIsaac,16:09 (56),,,,,,,,,,,,,,,,,,,,,,,,,,,,,,,,,,,,,,,,,,,
410,56,GenoAaronix,16:12 (56),,,,,,,,,,,,,,,,,,,,,,,,,,,,,,,,,,,,,,,,,,,
411,56,nerbos,16:13 (56),,,,,,,,,,,,,,,,,,,,,,,,,,,,,,,,,,,,,,,,,,,
412,56,leatMonke,16:13 (56),,,,,,,,,,,,,,,,,,,,,,,,,,,,,,,,,,,,,,,,,,,
413,56,hazzatron1,16:14 (56),,,,,,,,,,,,,,,,,,,,,,,,,,,,,,,,,,,,,,,,,,,
414,56,ashfr,22:16 (30),,,,,,16:23 (26),,,,,,,,,,,,,,,,,,,,,,,,,,,,,,,,,,,,,
415,56,larryboiz9,,,,,,,,,,24:33 (56),,,,,,,,,,,,,,,,,,,,,,,,,,,,,,,,,,
416,56,DoubleDuck,,,,,,,,,,24:35 (56),,,,,,,,,,,,,,,,,,,,,,,,,,,,,,,,,,
417,56,Calicious,,,,,,,,,24:37 (56),,,,,,,,,,,,,,,,,,,,,,,,,,,,,,,,,,,
418,56,legiawarszawa,,,,,,,,,24:40 (56),,,,,,,,,,,,,,,,,,,,,,,,,,,,,,,,,,,
419,56,AFwqrZ18,,,,,,,,,24:41 (56),,,,,,,,,,,,,,,,,,,,,,,,,,,,,,,,,,,
420,56,Saf-is_bad,,,,,,,,,24:43 (56),,,,,,,,,,,,,,,,,,,,,,,,,,,,,,,,,,,
421,56,Rhino97,,,,,,,,,,,21:35 (56),,,,,,,,,,,,,,,,,,,,,,,,,,,,,,,,,
422,56,Blaze_ADAWG,,,,,,,,,,,,,,,,,,35:04 (56),,,,,,,,,,,,,,,,,,,,,,,,,,
423,55,KylarRen,,15:52 (55),,,,,,,,,,,,,,,,,,,,,,,,,,,,,,,,,,,,,,,,,,
424,55,LLawlietVI,16:18 (55),,,,,,,,,,,,,,,,,,,,,,,,,,,,,,,,,,,,,,,,,,,
425,55,Bluely,16:20 (55),,,,,,,,,,,,,,,,,,,,,,,,,,,,,,,,,,,,,,,,,,,
426,55,AidanXV,16:49 (52),,,,,,,,,,,,,,,,,,,,,,,,,,,,,,,,,,,,,,,,,3:51:45 (3),,
427,55,GMoney12345,,,17:14 (55),,,,,,,,,,,,,,,,,,,,,,,,,,,,,,,,,,,,,,,,,
428,55,DanaDumbass,,,,,,,,,24:45 (55),,,,,,,,,,,,,,,,,,,,,,,,,,,,,,,,,,,
429,55,Mastermew2,,,,,,,,,,24:46 (55),,,,,,,,,,,,,,,,,,,,,,,,,,,,,,,,,,
430,55,Jklf125,,,,,,,,,24:48 (55),,,,,,,,,,,,,,,,,,,,,,,,,,,,,,,,,,,
431,55,CorruptedNeptune,,,,,,,,,24:49 (55),,,,,,,,,,,,,,,,,,,,,,,,,,,,,,,,,,,
432,55,not_zane,,,,,,,,,24:57 (55),,,,,,,,,,,,,,,,,,,,,,,,,,,,,,,,,,,
433,55,ljbirk6,,,,,,,,,,33:59 (29),,,,,,1:15:47 (8),,,,,,,,1:07:16 (18),,,,,,,,,,,,,,,,,,,,
434,55,LasagnaVoid,,,,,,,,,,,21:55 (55),,,,,,,,,,,,,,,,,,,,,,,,,,,,,,,,,
435,55,Asherthekid,,,,,,,,,,,,,,,,,,35:18 (55),,,,,,,,,,,,,,,,,,,,,,,,,,
436,55,stankykong,,,,,,,,,,,,,,,,,,,,,,,,38:13 (55),,,,,,,,,,,,,,,,,,,,
437,54,BeanStonk,16:24 (54),,,,,,,,,,,,,,,,,,,,,,,,,,,,,,,,,,,,,,,,,,,
438,54,CultCoop,16:25 (54),,,,,,,,,,,,,,,,,,,,,,,,,,,,,,,,,,,,,,,,,,,
439,54,Bergerzs_450,16:25 (54),,,,,,,,,,,,,,,,,,,,,,,,,,,,,,,,,,,,,,,,,,,
440,54,____E___,16:28 (54),,,,,,,,,,,,,,,,,,,,,,,,,,,,,,,,,,,,,,,,,,,
441,54,ikethetrike,16:32 (54),,,,,,,,,,,,,,,,,,,,,,,,,,,,,,,,,,,,,,,,,,,
442,54,k4telyn,16:32 (54),,,,,,,,,,,,,,,,,,,,,,,,,,,,,,,,,,,,,,,,,,,
443,54,Synamfy,16:32 (54),,,,,,,,,,,,,,,,,,,,,,,,,,,,,,,,,,,,,,,,,,,
444,54,BADBANANA,,,,,,,,,,24:59 (54),,,,,,,,,,,,,,,,,,,,,,,,,,,,,,,,,,
445,54,Eighty_Bity,,,,,,,,,,,27:36 (34),,,,,,,,,,,,,,,,,,,,,,12:18 (20),,,,,,,,,,,
446,54,Zourau,,,,,,,,,,,,,,,,,,35:33 (54),,,,,,,,,,,,,,,,,,,,,,,,,,
447,53,BruiserJE,16:35 (53),,,,,,,,,,,,,,,,,,,,,,,,,,,,,,,,,,,,,,,,,,,
448,53,waffleman544,16:37 (53),,,,,,,,,,,,,,,,,,,,,,,,,,,,,,,,,,,,,,,,,,,
449,53,Phazer,16:40 (53),,,,,,,,,,,,,,,,,,,,,,,,,,,,,,,,,,,,,,,,,,,
450,53,Maddi,16:40 (53),,,,,,,,,,,,,,,,,,,,,,,,,,,,,,,,,,,,,,,,,,,
451,53,YMason,16:40 (53),,,,,,,,,,,,,,,,,,,,,,,,,,,,,,,,,,,,,,,,,,,
452,53,WindowsIcon,20:41 (34),,,,,,,,,,37:23 (19),,,,,,,,,,,,,,,,,,,,,,,,,,,,,,,,,
453,53,mitchie,,,,,,,,,25:21 (53),,,,,,,,,,,,,,,,,,,,,,,,,,,,,,,,,,,
454,53,Tjnelz7,,,,,,,,,,,,,,,,,,,,,,,,,,,,,,1:03:30 (53),,,,,,,,,,,,,,
455,52,Lukey1_9_8,16:42 (52),,,,,,,,,,,,,,,,,,,,,,,,,,,,,,,,,,,,,,,,,,,
456,52,CanOfLysol,16:46 (52),,,,,,,,,,,,,,,,,,,,,,,,,,,,,,,,,,,,,,,,,,,
457,52,dog4,16:48 (52),,,,,,,,,,,,,,,,,,,,,,,,,,,,,,,,,,,,,,,,,,,
458,52,minerman2525,16:49 (52),,,,,,,,,,,,,,,,,,,,,,,,,,,,,,,,,,,,,,,,,,,
459,52,SapphireSC,16:49 (52),,,,,,,,,,,,,,,,,,,,,,,,,,,,,,,,,,,,,,,,,,,
460,52,littlecreeper85,16:50 (52),,,,,,,,,,,,,,,,,,,,,,,,,,,,,,,,,,,,,,,,,,,
461,52,logancrafts,16:50 (52),,,,,,,,,,,,,,,,,,,,,,,,,,,,,,,,,,,,,,,,,,,
462,52,Phantastic,20:23 (35),,,,,,,,,,39:27 (17),,,,,,,,,,,,,,,,,,,,,,,,,,,,,,,,,
463,52,timmy8710,,,,,,,,,25:32 (52),,,,,,,,,,,,,,,,,,,,,,,,,,,,,,,,,,,
464,52,thequickeking,,,,,,,,,25:32 (52),,,,,,,,,,,,,,,,,,,,,,,,,,,,,,,,,,,
465,52,abc123connor,,,,,,,,,,28:50 (40),,,,,,,,,,,,,,1:20:45 (12),,,,,,,,,,,,,,,,,,,,
466,51,theukuleleguy,16:55 (51),,,,,,,,,,,,,,,,,,,,,,,,,,,,,,,,,,,,,,,,,,,
467,51,Exxotic,16:57 (51),,,,,,,,,,,,,,,,,,,,,,,,,,,,,,,,,,,,,,,,,,,
468,51,bananaispotassium,16:59 (51),,,,,,,,,,,,,,,,,,,,,,,,,,,,,,,,,,,,,,,,,,,
469,51,ThatKid55555,,,,,,,,,25:42 (51),,,,,,,,,,,,,,,,,,,,,,,,,,,,,,,,,,,
470,51,TheGubster,,,,,,,,,25:43 (51),,,,,,,,,,,,,,,,,,,,,,,,,,,,,,,,,,,
471,51,pd2580,,,,,,,,,25:44 (51),,,,,,,,,,,,,,,,,,,,,,,,,,,,,,,,,,,
472,51,Getarez,,,,,,,,,,,,25:45 (51),,,,,,,,,,,,,,,,,,,,,,,,,,,,,,,,
473,51,cheesepills,,,,,,,,,,,,,,,,,,36:42 (51),,,,,,,,,,,,,,,,,,,,,,,,,,
474,50,minipapa21,,16:34 (50),,,,,,,,,,,,,,,,,,,,,,,,,,,,,,,,,,,,,,,,,,
475,50,tguan,,16:36 (50),,,,,,,,,,,,,,,,,,,,,,,,,,,,,,,,,,,,,,,,,,
476,50,pleir,17:02 (50),,,,,,,,,,,,,,,,,,,,,,,,,,,,,,,,,,,,,,,,,,,
477,50,Hype1tUp,17:03 (50),,,,,,,,,,,,,,,,,,,,,,,,,,,,,,,,,,,,,,,,,,,
478,50,Moofi,17:04 (50),,,,,,,,,,,,,,,,,,,,,,,,,,,,,,,,,,,,,,,,,,,
479,50,Reball,17:04 (50),,,,,,,,,,,,,,,,,,,,,,,,,,,,,,,,,,,,,,,,,,,
480,50,lilhotpotato2,17:05 (50),,,,,,,,,,,,,,,,,,,,,,,,,,,,,,,,,,,,,,,,,,,
481,50,4point,17:07 (50),,,,,,,,,,,,,,,,,,,,,,,,,,,,,,,,,,,,,,,,,,,
482,50,CambatX,,,,,,,,,,25:52 (50),,,,,,,,,,,,,,,,,,,,,,,,,,,,,,,,,,
483,50,WiGuess,,,,,,,,,26:10 (50),,,,,,,,,,,,,,,,,,,,,,,,,,,,,,,,,,,
484,50,MediumEngine,,,,,,,,,,,,,51 (50),,,,,,,,,,,,,,,,,,,,,,,,,,,,,,,
485,50,marshalland,,,,,,,,,,,,,51 (50),,,,,,,,,,,,,,,,,,,,,,,,,,,,,,,
486,50,hgmarangon,,,,,,,,,,,,,,,,,,37:09 (50),,,,,,,,,,,,,,,,,,,,,,,,,,
487,50,Isuckatgaming2472,,,,,,,,,,,,,,,,,,37:10 (50),,,,,,,,,,,,,,,,,,,,,,,,,,
488,49,CottonRCR,,16:43 (49),,,,,,,,,,,,,,,,,,,,,,,,,,,,,,,,,,,,,,,,,,
489,49,Mr.Google,17:12 (49),,,,,,,,,,,,,,,,,,,,,,,,,,,,,,,,,,,,,,,,,,,
490,49,BettaJeffy,17:16 (49),,,,,,,,,,,,,,,,,,,,,,,,,,,,,,,,,,,,,,,,,,,
491,49,doodle,17:18 (49),,,,,,,,,,,,,,,,,,,,,,,,,,,,,,,,,,,,,,,,,,,
492,49,bsty,17:18 (49),,,,,,,,,,,,,,,,,,,,,,,,,,,,,,,,,,,,,,,,,,,
493,49,DaBoChallenge,17:20 (49),,,,,,,,,,,,,,,,,,,,,,,,,,,,,,,,,,,,,,,,,,,
494,49,TheUltimateGameBoy,17:21 (49),,,,,,,,,,,,,,,,,,,,,,,,,,,,,,,,,,,,,,,,,,,
495,49,HighlightFilms,17:21 (49),,,,,,,,,,,,,,,,,,,,,,,,,,,,,,,,,,,,,,,,,,,
496,49,Megumin,,,,,,,11:56 (49),,,,,,,,,,,,,,,,,,,,,,,,,,,,,,,,,,,,,
497,49,lilac_fieldss,,,,,,,,,,26:11 (49),,,,,,,,,,,,,,,,,,,,,,,,,,,,,,,,,,
498,49,WinterJackie,,,,,,,,,26:12 (49),,,,,,,,,,,,,,,,,,,,,,,,,,,,,,,,,,,
499,49,abouda,,,,,,,,,26:12 (49),,,,,,,,,,,,,,,,,,,,,,,,,,,,,,,,,,,
500,49,TerraMoon,,,,,,,,,26:13 (49),,,,,,,,,,,,,,,,,,,,,,,,,,,,,,,,,,,
501,49,DaintyManatee88,,,,,,,,,26:13 (49),,,,,,,,,,,,,,,,,,,,,,,,,,,,,,,,,,,
502,49,20k_gaming,,,,,,,,,26:14 (49),,,,,,,,,,,,,,,,,,,,,,,,,,,,,,,,,,,
503,49,RichLich,,,,,,,,,26:15 (49),,,,,,,,,,,,,,,,,,,,,,,,,,,,,,,,,,,
504,49,TezLog,,,,,,,,,,,,,,,17:14 (23),,,,,,3:02:08 (26),,,,,,,,,,,,,,,,,,,,,,,
505,49,TTVDippyCarcass,,,,,,,,,,,,,,,,,,37:20 (49),,,,,,,,,,,,,,,,,,,,,,,,,,
506,48,Indeed_he_is_speedy,17:23 (48),,,,,,,,,,,,,,,,,,,,,,,,,,,,,,,,,,,,,,,,,,,
507,48,joeypeanut,17:24 (48),,,,,,,,,,,,,,,,,,,,,,,,,,,,,,,,,,,,,,,,,,,
508,48,ChickenMuncher,17:25 (48),,,,,,,,,,,,,,,,,,,,,,,,,,,,,,,,,,,,,,,,,,,
509,48,andrew32308,17:26 (48),,,,,,,,,,,,,,,,,,,,,,,,,,,,,,,,,,,,,,,,,,,
510,48,Tinfern,17:27 (48),,,,,,,,,,,,,,,,,,,,,,,,,,,,,,,,,,,,,,,,,,,
511,48,7e6i,17:28 (48),,,,,,,,,,,,,,,,,,,,,,,,,,,,,,,,,,,,,,,,,,,
512,48,Redrock505,17:29 (48),,,,,,,,,,,,,,,,,,,,,,,,,,,,,,,,,,,,,,,,,,,
513,48,Sneaky4328,17:31 (48),,,,,,,,,,,,,,,,,,,,,,,,,,,,,,,,,,,,,,,,,,,
514,48,ItsHavoc,,,,,9:36 (1),,,,,,,,,,,,,38:22 (47),,,,,,,,18:19 (0),,,,,,,,,,,,,,,,,,
515,48,DragonHunter,,,,,,,12:04 (48),,,,,,,,,,,,,,,,,,,,,,,,,,,,,,,,,,,,,
516,48,alyaf3e,,,,,,,,,26:31 (48),,,,,,,,,,,,,,,,,,,,,,,,,,,,,,,,,,,
517,48,ultimategamertommy,,,,,,,,,26:38 (48),,,,,,,,,,,,,,,,,,,,,,,,,,,,,,,,,,,
518,48,Thunderr,,,,,,,,,,,,,,,,,,37:53 (48),,,,,,,,,,,,,,,,,,,,,,,,,,
519,48,CalvinatorIA,,,,,,,,,,,,,,,,,,,,,,,,,,,,,,1:06:32 (48),,,,,,,,,,,,,,
520,47,EstoniaMan,,17:05 (47),,,,,,,,,,,,,,,,,,,,,,,,,,,,,,,,,,,,,,,,,,
521,47,Dinkleberg1225,17:39 (47),,,,,,,,,,,,,,,,,,,,,,,,,,,,,,,,,,,,,,,,,,,
522,47,PoisonedArrow,17:41 (47),,,,,,,,,,,,,,,,,,,,,,,,,,,,,,,,,,,,,,,,,,,
523,47,Firekillerxx,17:44 (47),,,,,,,,,,,,,,,,,,,,,,,,,,,,,,,,,,,,,,,,,,,
524,47,Rex548-YT,24:36 (24),24:36 (23),,,,,,,,,,,,,,,,,,,,,,,,,,,,,,,,,,,,,,,,,,
525,47,Beamer33,,25:09 (22),,,,,,,,,,36:29 (25),,,,,,,,,,,,,,,,,,,,,,,,,,,,,,,,
526,47,bananagrams718,34:10 (13),,,,,,,,31:23 (34),,,,,,,,,,,,,,,,,,,,,,,,,,,,,,,,,,,
527,47,GamingLizard9,,,,,,,,,26:48 (47),,,,,,,,,,,,,,,,,,,,,,,,,,,,,,,,,,,
528,47,CoopDawg2424,,,,,,,,,26:52 (47),,,,,,,,,,,,,,,,,,,,,,,,,,,,,,,,,,,
529,47,krentle,,,,,,,,,26:54 (47),,,,,,,,,,,,,,,,,,,,,,,,,,,,,,,,,,,
530,47,Maplewave,,,,,,,,,26:54 (47),,,,,,,,,,,,,,,,,,,,,,,,,,,,,,,,,,,
531,47,mstarp1,,,,,,,,,26:55 (47),,,,,,,,,,,,,,,,,,,,,,,,,,,,,,,,,,,
532,47,MistyCat3838,,,,,,,,,26:57 (47),,,,,,,,,,,,,,,,,,,,,,,,,,,,,,,,,,,
533,47,Bigmoneystar,,,,,,,,,,,,,,,,,,,35:40 (47),,,,,,,,,,,,,,,,,,,,,,,,,
534,47,CrazyMoses123,,,,,,,,,,,,,,,,,,,,,,,,,,,,,,1:07:13 (47),,,,,,,,,,,,,,
535,46,ChasCM,,17:15 (46),,,,,,,,,,,,,,,,,,,,,,,,,,,,,,,,,,,,,,,,,,
536,46,Leafal,,17:16 (46),,,,,,,,,,,,,,,,,,,,,,,,,,,,,,,,,,,,,,,,,,
537,46,MoneyMedico,,17:22 (46),,,,,,,,,,,,,,,,,,,,,,,,,,,,,,,,,,,,,,,,,,
538,46,cevrosa,17:47 (46),,,,,,,,,,,,,,,,,,,,,,,,,,,,,,,,,,,,,,,,,,,
539,46,ABPEG,17:48 (46),,,,,,,,,,,,,,,,,,,,,,,,,,,,,,,,,,,,,,,,,,,
540,46,pig_not_taken1,,,18:50 (46),,,,,,,,,,,,,,,,,,,,,,,,,,,,,,,,,,,,,,,,,
541,46,klownsho,,,,,,,,,27:02 (46),,,,,,,,,,,,,,,,,,,,,,,,,,,,,,,,,,,
542,46,SuperMarioBros999,,,,,,,,,27:02 (46),,,,,,,,,,,,,,,,,,,,,,,,,,,,,,,,,,,
543,46,ZEEUSS,,,,,,,,,27:08 (46),,,,,,,,,,,,,,,,,,,,,,,,,,,,,,,,,,,
544,46,choopd,,,,,,,,,27:16 (46),,,,,,,,,,,,,,,,,,,,,,,,,,,,,,,,,,,
545,46,DomoDude,,,,,,,,,,,,,,,,,,38:28 (46),,,,,,,,,,,,,,,,,,,,,,,,,,
546,46,Trent,,,,,,,,,,,,,,,,,,38:50 (46),,,,,,,,,,,,,,,,,,,,,,,,,,
547,46,A_Penguin,,,,,,,,,,,,,,,,,,,,,,,,,,,,,,1:07:48 (46),,,,,,,,,,,,,,
548,45,Erexslay,17:57 (45),,,,,,,,,,,,,,,,,,,,,,,,,,,,,,,,,,,,,,,,,,,
549,45,Dommapomma,18:05 (45),,,,,,,,,,,,,,,,,,,,,,,,,,,,,,,,,,,,,,,,,,,
550,45,slammysammy45,18:07 (45),,,,,,,,,,,,,,,,,,,,,,,,,,,,,,,,,,,,,,,,,,,
551,45,TheDomo,18:08 (45),,,,,,,,,,,,,,,,,,,,,,,,,,,,,,,,,,,,,,,,,,,
552,45,Trylodon,,,,,,,12:27 (45),,,,,,,,,,,,,,,,,,,,,,,,,,,,,,,,,,,,,
553,45,AshTheMoon,,,,,,,,,27:22 (45),,,,,,,,,,,,,,,,,,,,,,,,,,,,,,,,,,,
554,45,icydragongames,,,,,,,,,27:24 (45),,,,,,,,,,,,,,,,,,,,,,,,,,,,,,,,,,,
555,45,DogDestiny,,,,,,,,,27:25 (45),,,,,,,,,,,,,,,,,,,,,,,,,,,,,,,,,,,
556,45,KOOLwhyles,,,,,,,,,27:29 (45),,,,,,,,,,,,,,,,,,,,,,,,,,,,,,,,,,,
557,45,TheHEXX09,,,,,,,,,27:32 (45),,,,,,,,,,,,,,,,,,,,,,,,,,,,,,,,,,,
558,45,Goldbrg,,,,,,,,,27:33 (45),,,,,,,,,,,,,,,,,,,,,,,,,,,,,,,,,,,
559,45,JAS457,,,,,,,,,,,,,,,,1:17:23 (8),,,,,,,,1:05:19 (19),,,,,,1:49:41 (18),,,,,,,,,,,,,,
560,45,DolphinBoiYT,,,,,,,,,,,,,,,,,,38:59 (45),,,,,,,,,,,,,,,,,,,,,,,,,,
561,44,Triadow,18:09 (44),,,,,,,,,,,,,,,,,,,,,,,,,,,,,,,,,,,,,,,,,,,
562,44,QuietPills,18:09 (44),,,,,,,,,,,,,,,,,,,,,,,,,,,,,,,,,,,,,,,,,,,
563,44,hoboro,18:10 (44),,,,,,,,,,,,,,,,,,,,,,,,,,,,,,,,,,,,,,,,,,,
564,44,sCosmicc,18:13 (44),,,,,,,,,,,,,,,,,,,,,,,,,,,,,,,,,,,,,,,,,,,
565,44,Robercigg,18:15 (44),,,,,,,,,,,,,,,,,,,,,,,,,,,,,,,,,,,,,,,,,,,
566,44,kookiek,18:16 (44),,,,,,,,,,,,,,,,,,,,,,,,,,,,,,,,,,,,,,,,,,,
567,44,Ducklife333,18:20 (44),,,,,,,,,,,,,,,,,,,,,,,,,,,,,,,,,,,,,,,,,,,
568,44,B4ndit,18:20 (44),,,,,,,,,,,,,,,,,,,,,,,,,,,,,,,,,,,,,,,,,,,
569,44,McMakoShark,23:17 (27),,,,,,,,,,39:35 (17),,,,,,,,,,,,,,,,,,,,,,,,,,,,,,,,,
570,44,IHaveNoMoney,,,,,,,,,,27:30 (44),,,,,,,,,,,,,,,,,,,,,,,,,,,,,,,,,,
571,44,angrypig,,,,,,,,,,27:38 (44),,,,,,,,,,,,,,,,,,,,,,,,,,,,,,,,,,
572,44,DinoMax0112,,,,,,,,,,27:43 (44),,,,,,,,,,,,,,,,,,,,,,,,,,,,,,,,,,
573,44,Air_plays,,,,,,,,,27:48 (44),,,,,,,,,,,,,,,,,,,,,,,,,,,,,,,,,,,
574,44,PenguinCzar,,,,,,,,,27:51 (44),,,,,,,,,,,,,,,,,,,,,,,,,,,,,,,,,,,
575,44,Jackwasneverthere,,,,,,,,,,,,,,,,,52:35 (20),,49:22 (24),,,,,,,,,,,,,,,,,,,,,,,,,
576,44,s0r3,,,,,,,,,,,,,,,,,,,,,,,,,,32 (44),,,,,,,,,,,,,,,,,,
577,44,MrHedgehog1565,,,,,,,,,,,,,,,,,,,,,,,,,,,,,,1:09:33 (44),,,,,,,,,,,,,,
578,43,The_Reddest_Panda,,17:46 (43),,,,,,,,,,,,,,,,,,,,,,,,,,,,,,,,,,,,,,,,,,
579,43,Speqtor238,,17:48 (43),,,,,,,,,,,,,,,,,,,,,,,,,,,,,,,,,,,,,,,,,,
580,43,blake_1710,18:23 (43),,,,,,,,,,,,,,,,,,,,,,,,,,,,,,,,,,,,,,,,,,,
581,43,QuackBurrito987,18:24 (43),,,,,,,,,,,,,,,,,,,,,,,,,,,,,,,,,,,,,,,,,,,
582,43,Crescented,18:27 (43),,,,,,,,,,,,,,,,,,,,,,,,,,,,,,,,,,,,,,,,,,,
583,43,Clarias,18:32 (43),,,,,,,,,,,,,,,,,,,,,,,,,,,,,,,,,,,,,,,,,,,
584,43,ryoshi99,18:32 (43),,,,,,,,,,,,,,,,,,,,,,,,,,,,,,,,,,,,,,,,,,,
585,43,Epic_46,,42:32 (8),,,,,,,,31:06 (35),,,,,,,,,,,,,,,,,,,,,,,,,,,,,,,,,,
586,43,HaydenofEverything,,,,,,,,,,28:00 (43),,,,,,,,,,,,,,,,,,,,,,,,,,,,,,,,,,
587,43,salabi,,,,,,,,,28:08 (43),,,,,,,,,,,,,,,,,,,,,,,,,,,,,,,,,,,
588,43,ICantClutch,,,,,,,,,,,24:35 (43),,,,,,,,,,,,,,,,,,,,,,,,,,,,,,,,,
589,43,JoppeKoira,,,,,,,,,,,,,,,,,35:28 (43),,,,,,,,,,,,,,,,,,,,,,,,,,,
590,43,GrowTM,,,,,,,,,,,,,,,,,,39:45 (43),,,,,,,,,,,,,,,,,,,,,,,,,,
591,43,Nylad99770,,,,,,,,,,,,,,,,,,,,,,,,,,,,,,,,,,,,,,,,,,,,1:02:29 (43)
592,42,LimeNade,,18:11 (42),,,,,,,,,,,,,,,,,,,,,,,,,,,,,,,,,,,,,,,,,,
593,42,Har1s0n,18:36 (42),,,,,,,,,,,,,,,,,,,,,,,,,,,,,,,,,,,,,,,,,,,
594,42,ntsukuda,18:41 (42),,,,,,,,,,,,,,,,,,,,,,,,,,,,,,,,,,,,,,,,,,,
595,42,Haydunk,18:42 (42),,,,,,,,,,,,,,,,,,,,,,,,,,,,,,,,,,,,,,,,,,,
596,42,Nebulawind,18:43 (42),,,,,,,,,,,,,,,,,,,,,,,,,,,,,,,,,,,,,,,,,,,
597,42,OatCat,18:43 (42),,,,,,,,,,,,,,,,,,,,,,,,,,,,,,,,,,,,,,,,,,,
598,42,evanmuffins,18:43 (42),,,,,,,,,,,,,,,,,,,,,,,,,,,,,,,,,,,,,,,,,,,
599,42,EmcD,23:35 (26),,,,,,20:53 (16),,,,,,,,,,,,,,,,,,,,,,,,,,,,,,,,,,,,,
600,42,lissbackham,,,,,,,,,,28:13 (42),,,,,,,,,,,,,,,,,,,,,,,,,,,,,,,,,,
601,42,Coodlude,,,,,,,,,28:31 (42),,,,,,,,,,,,,,,,,,,,,,,,,,,,,,,,,,,
602,42,determination6,,,,,,,,,28:33 (42),,,,,,,,,,,,,,,,,,,,,,,,,,,,,,,,,,,
603,42,Jpro28,,,,,,,,,28:36 (42),,,,,,,,,,,,,,,,,,,,,,,,,,,,,,,,,,,
604,42,CrystallAura,,,,,,,,,,,,,,,,,,,37:42 (42),,,,,,,,,,,,,,,,,,,,,,,,,
605,42,VillainPL,,,,,,,,,,,,,,,,,,40:22 (42),,,,,,,,,,,,,,,,,,,,,,,,,,
606,42,SDGShawn,,,,,,,,,,,,,,,,,,,,,,,,43:46 (42),,,,,,,,,,,,,,,,,,,,
607,41,Arcane_blade,,18:15 (41),,,,,,,,,,,,,,,,,,,,,,,,,,,,,,,,,,,,,,,,,,
608,41,Neux,18:48 (41),,,,,,,,,,,,,,,,,,,,,,,,,,,,,,,,,,,,,,,,,,,
609,41,iDeVo,18:50 (41),,,,,,,,,,,,,,,,,,,,,,,,,,,,,,,,,,,,,,,,,,,
610,41,Potato_Man863,19:00 (41),,,,,,,,,,,,,,,,,,,,,,,,,,,,,,,,,,,,,,,,,,,
611,41,swwozz,,,,,,,,,,28:29 (41),,,,,,,,,,,,,,,,,,,,,,,,,,,,,,,,,,
612,41,CluckLad,,,,,,,,,28:50 (41),,,,,,,,,,,,,,,,,,,,,,,,,,,,,,,,,,,
613,41,papermonter18,,,,,,,,,28:53 (41),,,,,,,,,,,,,,,,,,,,,,,,,,,,,,,,,,,
614,41,dango124,,,,,,,,,28:53 (41),,,,,,,,,,,,,,,,,,,,,,,,,,,,,,,,,,,
615,41,Litryt,,,,,,,,,,,,,,,,,,,,,,,,,,,,,,,,,8:43 (41),,,,,,,,,,,
616,40,inspectorSpacetime,,18:33 (40),,,,,,,,,,,,,,,,,,,,,,,,,,,,,,,,,,,,,,,,,,
617,40,aaaaamed,19:08 (40),,,,,,,,,,,,,,,,,,,,,,,,,,,,,,,,,,,,,,,,,,,
618,40,Exp3rience,19:12 (40),,,,,,,,,,,,,,,,,,,,,,,,,,,,,,,,,,,,,,,,,,,
619,40,Coolz507,19:12 (40),,,,,,,,,,,,,,,,,,,,,,,,,,,,,,,,,,,,,,,,,,,
620,40,Yentist,19:13 (40),,,,,,,,,,,,,,,,,,,,,,,,,,,,,,,,,,,,,,,,,,,
621,40,LilHayden99,19:14 (40),,,,,,,,,,,,,,,,,,,,,,,,,,,,,,,,,,,,,,,,,,,
622,40,thatboi_og123,35:08 (12),,,,,,,,35:08 (28),,,,,,,,,,,,,,,,,,,,,,,,,,,,,,,,,,,
623,40,be4n,,,,,,,,,,28:54 (40),,,,,,,,,,,,,,,,,,,,,,,,,,,,,,,,,,
624,40,PickledFairies,,,,,,,,,28:59 (40),,,,,,,,,,,,,,,,,,,,,,,,,,,,,,,,,,,
625,40,AcidBother,,,,,,,,,29:04 (40),,,,,,,,,,,,,,,,,,,,,,,,,,,,,,,,,,,
626,40,RubberNuggets,,,,,,,,,29:06 (40),,,,,,,,,,,,,,,,,,,,,,,,,,,,,,,,,,,
627,40,AdsMakat,,,,,,,,,,,25:30 (40),,,,,,,,,,,,,,,,,,,,,,,,,,,,,,,,,
628,40,turtpet,,,,,,,,,,,25:39 (40),,,,,,,,,,,,,,,,,,,,,,,,,,,,,,,,,
629,40,WolveVidz,,,,,,,,,,,,,,,,,36:39 (40),,,,,,,,,,,,,,,,,,,,,,,,,,,
630,40,ZS45,,,,,,,,,,,,,,,,,,41:19 (40),,,,,,,,,,,,,,,,,,,,,,,,,,
631,40,Miiiiiii,,,,,,,,,,,,,,,,,,41:28 (40),,,,,,,,,,,,,,,,,,,,,,,,,,
632,40,dogelover5464,,,,,,,,,,,,,,,,,,41:32 (40),,,,,,,,,,,,,,,,,,,,,,,,,,
633,39,Simonster18,19:20 (39),,,,,,,,,,,,,,,,,,,,,,,,,,,,,,,,,,,,,,,,,,,
634,39,bow1255,19:22 (39),,,,,,,,,,,,,,,,,,,,,,,,,,,,,,,,,,,,,,,,,,,
635,39,Cr7omancer,19:26 (39),,,,,,,,,,,,,,,,,,,,,,,,,,,,,,,,,,,,,,,,,,,
636,39,ItsRay_Playz,,24:50 (22),,,,,,,,,,44:59 (17),,,,,,,,,,,,,,,,,,,,,,,,,,,,,,,,
637,39,SillyKitten39,,,,,,,,,29:24 (39),,,,,,,,,,,,,,,,,,,,,,,,,,,,,,,,,,,
638,39,ThisWasteOfSpace,,,,,,,,,29:25 (39),,,,,,,,,,,,,,,,,,,,,,,,,,,,,,,,,,,
639,39,Jacwind,,,,,,,,,29:27 (39),,,,,,,,,,,,,,,,,,,,,,,,,,,,,,,,,,,
640,39,Kingmtggamer,,,,,,,,,29:27 (39),,,,,,,,,,,,,,,,,,,,,,,,,,,,,,,,,,,
641,39,Animationreview,,,,,,,,,29:33 (39),,,,,,,,,,,,,,,,,,,,,,,,,,,,,,,,,,,
642,39,synf,,,,,,,,,,,25:52 (39),,,,,,,,,,,,,,,,,,,,,,,,,,,,,,,,,
643,39,goofy358,,,,,,,,,,,26:00 (39),,,,,,,,,,,,,,,,,,,,,,,,,,,,,,,,,
644,39,xoTrent,,,,,,,,,,,26:04 (39),,,,,,,,,,,,,,,,,,,,,,,,,,,,,,,,,
645,39,SpeedrunningDuck,,,,,,,,,,,,,,,,34:18 (39),,,,,,,,,,,,,,,,,,,,,,,,,,,,
646,39,zydras07,,,,,,,,,,,,,,,,,,,,,,,,,,,,,,1:13:59 (39),,,,,,,,,,,,,,
647,38,GameVsPlayer,19:34 (38),,,,,,,,,,,,,,,,,,,,,,,,,,,,,,,,,,,,,,,,,,,
648,38,Dzek1993,19:39 (38),,,,,,,,,,,,,,,,,,,,,,,,,,,,,,,,,,,,,,,,,,,
649,38,MicrowavedBurrito1,19:43 (38),,,,,,,,,,,,,,,,,,,,,,,,,,,,,,,,,,,,,,,,,,,
650,38,Sleepy_Moon16,,,,,,,13:34 (38),,,,,,,,,,,,,,,,,,,,,,,,,,,,,,,,,,,,,
651,38,BadSpeedrunner731,,,,,,,,,29:44 (38),,,,,,,,,,,,,,,,,,,,,,,,,,,,,,,,,,,
652,38,Treefire33,,,,,,,,,29:52 (38),,,,,,,,,,,,,,,,,,,,,,,,,,,,,,,,,,,
653,38,DotGov,,,,,,,,,29:56 (38),,,,,,,,,,,,,,,,,,,,,,,,,,,,,,,,,,,
654,38,Kawargo,,,,,,,,,,29:57 (38),,,,,,,,,,,,,,,,,,,,,,,,,,,,,,,,,,
655,38,TurkeyGobble10,,,,,,,,,30:04 (38),,,,,,,,,,,,,,,,,,,,,,,,,,,,,,,,,,,
656,38,Samw1tch,,,,,,,,,30:05 (38),,,,,,,,,,,,,,,,,,,,,,,,,,,,,,,,,,,
657,38,skeletonbones22,,,,,,,,,30:05 (38),,,,,,,,,,,,,,,,,,,,,,,,,,,,,,,,,,,
658,38,TheGamerNEWB,,,,,,,,,,,26:10 (38),,,,,,,,,,,,,,,,,,,,,,,,,,,,,,,,,
659,38,MARTiAN88,,,,,,,,,,,26:17 (38),,,,,,,,,,,,,,,,,,,,,,,,,,,,,,,,,
660,38,MeepMan505,,,,,,,,,,,,,59 (38),,,,,,,,,,,,,,,,,,,,,,,,,,,,,,,
661,38,Lowzilla77,,,,,,,,,,,,,,,,,,42:31 (38),,,,,,,,,,,,,,,,,,,,,,,,,,
662,37,DarkIvey33,19:46 (37),,,,,,,,,,,,,,,,,,,,,,,,,,,,,,,,,,,,,,,,,,,
663,37,The_Pacific_gamer,19:47 (37),,,,,,,,,,,,,,,,,,,,,,,,,,,,,,,,,,,,,,,,,,,
664,37,MittensHD7,19:53 (37),,,,,,,,,,,,,,,,,,,,,,,,,,,,,,,,,,,,,,,,,,,
665,37,SpronX,20:00 (37),,,,,,,,,,,,,,,,,,,,,,,,,,,,,,,,,,,,,,,,,,,
666,37,supermazen,20:00 (37),,,,,,,,,,,,,,,,,,,,,,,,,,,,,,,,,,,,,,,,,,,
667,37,speedrunner665,20:01 (37),,,,,,,,,,,,,,,,,,,,,,,,,,,,,,,,,,,,,,,,,,,
668,37,caraearls,20:01 (37),,,,,,,,,,,,,,,,,,,,,,,,,,,,,,,,,,,,,,,,,,,
669,37,Curtabug,,24:17 (23),,,,,,,,,43:11 (14),,,,,,,,,,,,,,,,,,,,,,,,,,,,,,,,,
670,37,Martinc,,,,,,,,,30:07 (37),,,,,,,,,,,,,,,,,,,,,,,,,,,,,,,,,,,
671,37,Lightning_Bike,,,,,,,,,30:10 (37),,,,,,,,,,,,,,,,,,,,,,,,,,,,,,,,,,,
672,37,PlatypusSoup,,,,,,,,,30:17 (37),,,,,,,,,,,,,,,,,,,,,,,,,,,,,,,,,,,
673,37,ShrekedBoi,,,,,,,,,30:21 (37),,,,,,,,,,,,,,,,,,,,,,,,,,,,,,,,,,,
674,37,devinswright,,,,,,,,,30:23 (37),,,,,,,,,,,,,,,,,,,,,,,,,,,,,,,,,,,
675,37,thebigbeefis,,,,,,,,,30:30 (37),,,,,,,,,,,,,,,,,,,,,,,,,,,,,,,,,,,
676,37,ilive4airtime,,,,,,,,,,,26:28 (37),,,,,,,,,,,,,,,,,,,,,,,,,,,,,,,,,
677,37,OakDoor,,,,,,,,,,,26:35 (37),,,,,,,,,,,,,,,,,,,,,,,,,,,,,,,,,
678,37,Greentux,,,,,,,,,,,26:44 (37),,,,,,,,,,,,,,,,,,,,,,,,,,,,,,,,,
679,37,TheKarmaMonkey,,,,,,,,,,,,,,,,,38:21 (37),,,,,,,,,,,,,,,,,,,,,,,,,,,
680,37,Phineas_Tentacles,,,,,,,,,,,,,,,,,,,,,,,,,,,,,,1:15:45 (37),,,,,,,,,,,,,,
681,36,pixelman-K,,19:34 (36),,,,,,,,,,,,,,,,,,,,,,,,,,,,,,,,,,,,,,,,,,
682,36,Samira404,20:06 (36),,,,,,,,,,,,,,,,,,,,,,,,,,,,,,,,,,,,,,,,,,,
683,36,OddPandemonium,20:07 (36),,,,,,,,,,,,,,,,,,,,,,,,,,,,,,,,,,,,,,,,,,,
684,36,UES_Radar_Kocab,20:16 (36),,,,,,,,,,,,,,,,,,,,,,,,,,,,,,,,,,,,,,,,,,,
685,36,tuttie0709,,,,,,,,,30:46 (36),,,,,,,,,,,,,,,,,,,,,,,,,,,,,,,,,,,
686,36,TwentyThree,,,,,,,,,,,27:10 (36),,,,,,,,,,,,,,,,,,,,,,,,,,,,,,,,,
687,36,Coldeggman,,,,,,,,,,,,,,,,,,,,,2:35:42 (36),,,,,,,,,,,,,,,,,,,,,,,
688,35,Triple8Games,,19:49 (35),,,,,,,,,,,,,,,,,,,,,,,,,,,,,,,,,,,,,,,,,,
689,35,SadBoy,20:22 (35),,,,,,,,,,,,,,,,,,,,,,,,,,,,,,,,,,,,,,,,,,,
690,35,landantheducklifegod,20:22 (35),,,,,,,,,,,,,,,,,,,,,,,,,,,,,,,,,,,,,,,,,,,
691,35,IRob-X,20:28 (35),,,,,,,,,,,,,,,,,,,,,,,,,,,,,,,,,,,,,,,,,,,
692,35,PrestoParrot64,20:29 (35),,,,,,,,,,,,,,,,,,,,,,,,,,,,,,,,,,,,,,,,,,,
693,35,Avzrule,20:31 (35),,,,,,,,,,,,,,,,,,,,,,,,,,,,,,,,,,,,,,,,,,,
694,35,Kekelek,20:32 (35),,,,,,,,,,,,,,,,,,,,,,,,,,,,,,,,,,,,,,,,,,,
695,35,Shoeless_,,,,,,,,,,30:55 (35),,,,,,,,,,,,,,,,,,,,,,,,,,,,,,,,,,
696,35,Sniggs98,,,,,,,,,31:00 (35),,,,,,,,,,,,,,,,,,,,,,,,,,,,,,,,,,,
697,35,Smoovfn,,,,,,,,,31:16 (35),,,,,,,,,,,,,,,,,,,,,,,,,,,,,,,,,,,
698,35,Joe7965,,,,,,,,,,,,,,,,,,,,,,,,,,,,,,1:18:05 (35),,,,,,,,,,,,,,
699,35,GO_G_GAME,,,,,,,,,,,,,,,,,,,,,,,,,,,,,,,1:02:58 (35),,,,,,,,,,,,,
700,35,cocoface1,,,,,,,,,,,,,,,,,,,,,,,,,,,,,,,,,9:22 (35),,,,,,,,,,,
701,34,PotatoSauce,20:38 (34),,,,,,,,,,,,,,,,,,,,,,,,,,,,,,,,,,,,,,,,,,,
702,34,spaghettio_05,20:51 (34),,,,,,,,,,,,,,,,,,,,,,,,,,,,,,,,,,,,,,,,,,,
703,34,jack_dawlia,,,,,,,,,,31:24 (34),,,,,,,,,,,,,,,,,,,,,,,,,,,,,,,,,,
704,34,DatSpeedyDoge,,,,,,,,,,31:31 (34),,,,,,,,,,,,,,,,,,,,,,,,,,,,,,,,,,
705,34,soupedsoup,,,,,,,,,31:47 (34),,,,,,,,,,,,,,,,,,,,,,,,,,,,,,,,,,,
706,34,Shadowclone,,,,,,,,,31:48 (34),,,,,,,,,,,,,,,,,,,,,,,,,,,,,,,,,,,
707,34,EndyPrince,,,,,,,,,,,27:53 (34),,,,,,,,,,,,,,,,,,,,,,,,,,,,,,,,,
708,34,Luneist,,,,,,,,,,,,,,,,,,,,,,,,,,,,,,1:18:59 (34),,,,,,,,,,,,,,
709,34,HeroJeff21,,,,,,,,,,,,,,,,,,,,,,,,,,,,,,1:19:24 (34),,,,,,,,,,,,,,
710,33,dogemanwastaken,20:56 (33),,,,,,,,,,,,,,,,,,,,,,,,,,,,,,,,,,,,,,,,,,,
711,33,Chimpz,31:04 (15),27:43 (18),,,,,,,,,,,,,,,,,,,,,,,,,,,,,,,,,,,,,,,,,,
712,33,SillyKid,,,,,,,,,31:52 (33),,,,,,,,,,,,,,,,,,,,,,,,,,,,,,,,,,,
713,33,MrSanderz,,,,,,,,,32:00 (33),,,,,,,,,,,,,,,,,,,,,,,,,,,,,,,,,,,
714,33,Sorry_Buckaroo,,,,,,,,,32:03 (33),,,,,,,,,,,,,,,,,,,,,,,,,,,,,,,,,,,
715,33,SabiAndMax,,,,,,,,,,,28:20 (33),,,,,,,,,,,,,,,,,,,,,,,,,,,,,,,,,
716,33,Peejy,,,,,,,,,,,28:21 (33),,,,,,,,,,,,,,,,,,,,,,,,,,,,,,,,,
717,33,EmiCar,,,,,,,,,,,,,,,,,40:39 (33),,,,,,,,,,,,,,,,,,,,,,,,,,,
718,33,potatochip2509,,,,,,,,,,,,,,,,,,45:35 (33),,,,,,,,,,,,,,,,,,,,,,,,,,
719,32,Dave4681,,20:48 (32),,,,,,,,,,,,,,,,,,,,,,,,,,,,,,,,,,,,,,,,,,
720,32,JoJoNaruto,21:27 (32),,,,,,,,,,,,,,,,,,,,,,,,,,,,,,,,,,,,,,,,,,,
721,32,Chris_Tulmeth,,,,,,,,,,32:14 (32),,,,,,,,,,,,,,,,,,,,,,,,,,,,,,,,,,
722,32,Flappyfish223,,,,,,,,,32:22 (32),,,,,,,,,,,,,,,,,,,,,,,,,,,,,,,,,,,
723,32,NamerB311,,,,,,,,,32:45 (32),,,,,,,,,,,,,,,,,,,,,,,,,,,,,,,,,,,
724,32,wookis,,,,,,,,,32:47 (32),,,,,,,,,,,,,,,,,,,,,,,,,,,,,,,,,,,
725,32,MangoTurtle1312,,,,,,,,,,,28:40 (32),,,,,,,,,,,,,,,,,,,,,,,,,,,,,,,,,
726,32,SourSw1ftYT,,,,,,,,,,,28:49 (32),,,,,,,,,,,,,,,,,,,,,,,,,,,,,,,,,
727,32,Flamey02,,,,,,,,,,,,,,,,,,46:10 (32),,,,,,,,,,,,,,,,,,,,,,,,,,
728,32,Andrew1124,,,,,,,,,,,,,,,,,,46:27 (32),,,,,,,,,,,,,,,,,,,,,,,,,,
729,32,HecretaryBird,,,,,,,,,,,,,,,,,,,,,,,,50:04 (32),,,,,,,,,,,,,,,,,,,,
730,31,Paul_LOL,21:35 (31),,,,,,,,,,,,,,,,,,,,,,,,,,,,,,,,,,,,,,,,,,,
731,31,Wind999,21:36 (31),,,,,,,,,,,,,,,,,,,,,,,,,,,,,,,,,,,,,,,,,,,
732,31,Evil_Sapphire9507,21:37 (31),,,,,,,,,,,,,,,,,,,,,,,,,,,,,,,,,,,,,,,,,,,
733,31,isaiahpachecolama,21:47 (31),,,,,,,,,,,,,,,,,,,,,,,,,,,,,,,,,,,,,,,,,,,
734,31,its_grav,,,,,,,,,,32:42 (31),,,,,,,,,,,,,,,,,,,,,,,,,,,,,,,,,,
735,31,jayjusits,,,,,,,,,32:52 (31),,,,,,,,,,,,,,,,,,,,,,,,,,,,,,,,,,,
736,31,JamyDodger619,,,,,,,,,32:56 (31),,,,,,,,,,,,,,,,,,,,,,,,,,,,,,,,,,,
737,31,pinguforthewii,,,,,,,,,33:07 (31),,,,,,,,,,,,,,,,,,,,,,,,,,,,,,,,,,,
738,31,Briand2010,,,,,,,,,33:16 (31),,,,,,,,,,,,,,,,,,,,,,,,,,,,,,,,,,,
739,31,Cubed776,,,,,,,,,,,,,,,,,,,,42:18 (31),,,,,,,,,,,,,,,,,,,,,,,,
740,31,one2three4,,,,,,,,,,,,,,,,,,,43:27 (31),,,,,,,,,,,,,,,,,,,,,,,,,
741,31,zibigibi,,,,,,,,,,,,,,,,,,,,,,,,,,,,,,1:22:34 (31),,,,,,,,,,,,,,
742,30,TheCraftee,22:05 (30),,,,,,,,,,,,,,,,,,,,,,,,,,,,,,,,,,,,,,,,,,,
743,30,S0M3-N3RD,22:06 (30),,,,,,,,,,,,,,,,,,,,,,,,,,,,,,,,,,,,,,,,,,,
744,30,SolH501,22:07 (30),,,,,,,,,,,,,,,,,,,,,,,,,,,,,,,,,,,,,,,,,,,
745,30,VibrisDirtySock29,22:10 (30),,,,,,,,,,,,,,,,,,,,,,,,,,,,,,,,,,,,,,,,,,,
746,30,Julia_from_home,22:16 (30),,,,,,,,,,,,,,,,,,,,,,,,,,,,,,,,,,,,,,,,,,,
747,30,anemo_wolphy,34:53 (12),,29:53 (18),,,,,,,,,,,,,,,,,,,,,,,,,,,,,,,,,,,,,,,,,
748,30,Atteron,,,,,,,15:07 (30),,,,,,,,,,,,,,,,,,,,,,,,,,,,,,,,,,,,,
749,30,ComradeCreeper,,,,,,,,,33:25 (30),,,,,,,,,,,,,,,,,,,,,,,,,,,,,,,,,,,
750,30,YeetifiedYT,,,,,,,,,33:26 (30),,,,,,,,,,,,,,,,,,,,,,,,,,,,,,,,,,,
751,30,PersonTheHuman,,,,,,,,,33:32 (30),,,,,,,,,,,,,,,,,,,,,,,,,,,,,,,,,,,
752,30,Vortex_Raid,,,,,,,,,33:38 (30),,,,,,,,,,,,,,,,,,,,,,,,,,,,,,,,,,,
753,30,Indian_gamer2005,,,,,,,,,43:40 (18),,,,,,,1:01:34 (12),,,,,,,,,,,,,,,,,,,,,,,,,,,,
754,30,steago47,,,,,,,,,,,,,,,,,,,,42:54 (30),,,,,,,,,,,,,,,,,,,,,,,,
755,30,Gamer_Ghoul,,,,,,,,,,,,,,,,,,54:36 (23),1:34:16 (7),,,,,,,,,,,,,,,,,,,,,,,,,
756,30,wingedhydra235,,,,,,,,,,,,,,,,,,,,,,,,,,,,,,1:24:25 (30),,,,,,,,,,,,,,
757,29,Celine,22:24 (29),,,,,,,,,,,,,,,,,,,,,,,,,,,,,,,,,,,,,,,,,,,
758,29,Jumpyluff,22:30 (29),,,,,,,,,,,,,,,,,,,,,,,,,,,,,,,,,,,,,,,,,,,
759,29,Zane4246,22:31 (29),,,,,,,,,,,,,,,,,,,,,,,,,,,,,,,,,,,,,,,,,,,
760,29,Necessary,,,23:31 (29),,,,,,,,,,,,,,,,,,,,,,,,,,,,,,,,,,,,,,,,,
761,29,BerryBoat,,,,,,,,,,33:54 (29),,,,,,,,,,,,,,,,,,,,,,,,,,,,,,,,,,
762,29,notknowanything,,,,,,,,,34:01 (29),,,,,,,,,,,,,,,,,,,,,,,,,,,,,,,,,,,
763,29,marshmalloow,,,,,,,,,34:02 (29),,,,,,,,,,,,,,,,,,,,,,,,,,,,,,,,,,,
764,29,WhiteS_,,,,,,,,,34:21 (29),,,,,,,,,,,,,,,,,,,,,,,,,,,,,,,,,,,
765,29,Neonek1232,,,,,,,,,,,30:01 (29),,,,,,,,,,,,,,,,,,,,,,,,,,,,,,,,,
766,29,Slasks,,,,,,,,,,,30:03 (29),,,,,,,,,,,,,,,,,,,,,,,,,,,,,,,,,
767,29,Jimney55,,,,,,,,,,,,,,,,39:45 (29),,,,,,,,,,,,,,,,,,,,,,,,,,,,
768,29,tmonkeyg,,,,,,,,,,,,,,,,,,48:28 (29),,,,,,,,,,,,,,,,,,,,,,,,,,
769,28,cooby_922,22:50 (28),,,,,,,,,,,,,,,,,,,,,,,,,,,,,,,,,,,,,,,,,,,
770,28,anyapotato,22:51 (28),,,,,,,,,,,,,,,,,,,,,,,,,,,,,,,,,,,,,,,,,,,
771,28,Autoishere,22:52 (28),,,,,,,,,,,,,,,,,,,,,,,,,,,,,,,,,,,,,,,,,,,
772,28,DeliveryDuck,22:55 (28),,,,,,,,,,,,,,,,,,,,,,,,,,,,,,,,,,,,,,,,,,,
773,28,KJ4561,22:55 (28),,,,,,,,,,,,,,,,,,,,,,,,,,,,,,,,,,,,,,,,,,,
774,28,Jetpack_Tack,23:01 (28),,,,,,,,,,,,,,,,,,,,,,,,,,,,,,,,,,,,,,,,,,,
775,28,amg,,,,,,10:08 (28),,,,,,,,,,,,,,,,,,,,,,,,,,,,,,,,,,,,,,
776,28,Dragsling,,,,,,,,,34:36 (28),,,,,,,,,,,,,,,,,,,,,,,,,,,,,,,,,,,
777,28,Legonator06,,,,,,,,,34:52 (28),,,,,,,,,,,,,,,,,,,,,,,,,,,,,,,,,,,
778,28,SlimeGuy914,,,,,,,,,34:57 (28),,,,,,,,,,,,,,,,,,,,,,,,,,,,,,,,,,,
779,28,drwillg1,,,,,,,,,,,,34:18 (28),,,,,,,,,,,,,,,,,,,,,,,,,,,,,,,,
780,28,Austamate,,,,,,,,,,,,,,,,40:53 (28),,,,,,,,,,,,,,,,,,,,,,,,,,,,
781,28,FreeFood0,,,,,,,,,,,,,,,,,,,,44:47 (28),,,,,,,,,,,,,,,,,,,,,,,,
782,28,Ziir_Ghoma,,,,,,,,,,,,,,,,,,,45:35 (28),,,,,,,,,,,,,,,,,,,,,,,,,
783,28,pinkcustard2,,,,,,,,,,,,,,,,,,,,,,,,,,,,,,1:26:22 (28),,,,,,,,,,,,,,
784,28,CraftFox06,,,,,,,,,,,,,,,,,,,,,,,,,,,,,,1:27:01 (28),,,,,,,,,,,,,,
785,28,PapaCharlieL,,,,,,,,,,,,,,,,,,,,,,,,,,,,,,1:27:20 (28),,,,,,,,,,,,,,
786,27,TTYG,23:14 (27),,,,,,,,,,,,,,,,,,,,,,,,,,,,,,,,,,,,,,,,,,,
787,27,Olliepop,23:25 (27),,,,,,,,,,,,,,,,,,,,,,,,,,,,,,,,,,,,,,,,,,,
788,27,Wavelino,23:28 (27),,,,,,,,,,,,,,,,,,,,,,,,,,,,,,,,,,,,,,,,,,,
789,27,kkreddit,,,,,,,,,35:09 (27),,,,,,,,,,,,,,,,,,,,,,,,,,,,,,,,,,,
790,27,Elway98,,,,,,,,,35:09 (27),,,,,,,,,,,,,,,,,,,,,,,,,,,,,,,,,,,
791,27,kidu,,,,,,,,,35:13 (27),,,,,,,,,,,,,,,,,,,,,,,,,,,,,,,,,,,
792,27,skwago,,,,,,,,,,35:14 (27),,,,,,,,,,,,,,,,,,,,,,,,,,,,,,,,,,
793,27,ItsMike21,,,,,,,,,35:18 (27),,,,,,,,,,,,,,,,,,,,,,,,,,,,,,,,,,,
794,27,bday3bozag,,,,,,,,,35:27 (27),,,,,,,,,,,,,,,,,,,,,,,,,,,,,,,,,,,
795,27,CR_crazy,,,,,,,,,35:33 (27),,,,,,,,,,,,,,,,,,,,,,,,,,,,,,,,,,,
796,27,McBoiMallyYT,,,,,,,,,35:41 (27),,,,,,,,,,,,,,,,,,,,,,,,,,,,,,,,,,,
797,27,imlost343,,,,,,,,,35:46 (27),,,,,,,,,,,,,,,,,,,,,,,,,,,,,,,,,,,
798,27,BloodyNoah,,,,,,,,,,,30:56 (27),,,,,,,,,,,,,,,,,,,,,,,,,,,,,,,,,
799,26,Austin5213,,23:09 (26),,,,,,,,,,,,,,,,,,,,,,,,,,,,,,,,,,,,,,,,,,
800,26,k_enzo,23:38 (26),,,,,,,,,,,,,,,,,,,,,,,,,,,,,,,,,,,,,,,,,,,
801,26,TBird100,23:51 (26),,,,,,,,,,,,,,,,,,,,,,,,,,,,,,,,,,,,,,,,,,,
802,26,Pontus,,,24:59 (26),,,,,,,,,,,,,,,,,,,,,,,,,,,,,,,,,,,,,,,,,
803,26,TheEndDragon,,,,,,,,,35:51 (26),,,,,,,,,,,,,,,,,,,,,,,,,,,,,,,,,,,
804,26,PauLULW,,,,,,,,,35:55 (26),,,,,,,,,,,,,,,,,,,,,,,,,,,,,,,,,,,
805,26,OwenRumans,,,,,,,,,36:12 (26),,,,,,,,,,,,,,,,,,,,,,,,,,,,,,,,,,,
806,26,DoodlyDood,,,,,,,,,,,,,,,,,45:50 (26),,,,,,,,,,,,,,,,,,,,,,,,,,,
807,26,SuperM789,,,,,,,,,,,,,,,,,,,,,3:03:57 (26),,,,,,,,,,,,,,,,,,,,,,,
808,25,Wii_Dude,24:00 (25),,,,,,,,,,,,,,,,,,,,,,,,,,,,,,,,,,,,,,,,,,,
809,25,Carson2006,24:11 (25),,,,,,,,,,,,,,,,,,,,,,,,,,,,,,,,,,,,,,,,,,,
810,25,MinerChris_124,24:13 (25),,,,,,,,,,,,,,,,,,,,,,,,,,,,,,,,,,,,,,,,,,,
811,25,Chump,24:15 (25),,,,,,,,,,,,,,,,,,,,,,,,,,,,,,,,,,,,,,,,,,,
812,25,TGlitch,24:16 (25),,,,,,,,,,,,,,,,,,,,,,,,,,,,,,,,,,,,,,,,,,,
813,25,drcola36,24:17 (25),,,,,,,,,,,,,,,,,,,,,,,,,,,,,,,,,,,,,,,,,,,
814,25,FinaBear,24:24 (25),,,,,,,,,,,,,,,,,,,,,,,,,,,,,,,,,,,,,,,,,,,
815,25,PremiumXro,,,,,,,,,36:31 (25),,,,,,,,,,,,,,,,,,,,,,,,,,,,,,,,,,,
816,25,AtTheSoupStore,,,,,,,,,,36:48 (25),,,,,,,,,,,,,,,,,,,,,,,,,,,,,,,,,,
817,25,Krystal_Shade,,,,,,,,,37:02 (25),,,,,,,,,,,,,,,,,,,,,,,,,,,,,,,,,,,
818,25,masonmastervids,,,,,,,,,37:06 (25),,,,,,,,,,,,,,,,,,,,,,,,,,,,,,,,,,,
819,25,hoodedmerganser54,,,,,,,,,,,,,,,,,,,,47:22 (25),,,,,,,,,,,,,,,,,,,,,,,,
820,25,Stat02,,,,,,,,,,,,,,,,,,52:03 (25),,,,,,,,,,,,,,,,,,,,,,,,,,
821,25,TripleB,,,,,,,,,,,,,,,,,,52:56 (25),,,,,,,,,,,,,,,,,,,,,,,,,,
822,25,Coltu7,,,,,,,,,,,,,,,,,,,,,,,,56:52 (25),,,,,,,,,,,,,,,,,,,,
823,25,Armoredwarrior,,,,,,,,,,,,,,,,,,,,,,,,,,,,,,1:32:56 (25),,,,,,,,,,,,,,
824,24,Diamond06,,23:44 (24),,,,,,,,,,,,,,,,,,,,,,,,,,,,,,,,,,,,,,,,,,
825,24,LeComrade,,23:45 (24),,,,,,,,,,,,,,,,,,,,,,,,,,,,,,,,,,,,,,,,,,
826,24,Asc3end,24:38 (24),,,,,,,,,,,,,,,,,,,,,,,,,,,,,,,,,,,,,,,,,,,
827,24,Grondin_07,,,,,,,,,37:15 (24),,,,,,,,,,,,,,,,,,,,,,,,,,,,,,,,,,,
828,24,ChristianWiese,,,,,,,,,37:21 (24),,,,,,,,,,,,,,,,,,,,,,,,,,,,,,,,,,,
829,24,NoOneLikesCali,,,,,,,,,37:33 (24),,,,,,,,,,,,,,,,,,,,,,,,,,,,,,,,,,,
830,24,KotoKomiya,,,,,,,,,37:37 (24),,,,,,,,,,,,,,,,,,,,,,,,,,,,,,,,,,,
831,24,Lawnboi,,,,,,,,,37:50 (24),,,,,,,,,,,,,,,,,,,,,,,,,,,,,,,,,,,
832,24,brysonbuzan,,,,,,,,,,,,,,,,,,53:28 (24),,,,,,,,,,,,,,,,,,,,,,,,,,
833,24,Narutosfrog,,,,,,,,,,,,,,,,,,,,,,,,57:37 (24),,,,,,,,,,,,,,,,,,,,
834,24,MannyFireYT,,,,,,,,,,,,,,,,,,,,,,,,57:57 (24),,,,,,,,,,,,,,,,,,,,
835,24,OnlyTheRealist,,,,,,,,,,,,,,,,,,,,,,,,58:24 (24),,,,,,,,,,,,,,,,,,,,
836,24,AfraidEnd,,,,,,,,,,,,,,,,,,,,,,,,,,,,,,1:34:05 (24),,,,,,,,,,,,,,
837,23,depressed_potato,25:14 (23),,,,,,,,,,,,,,,,,,,,,,,,,,,,,,,,,,,,,,,,,,,
838,23,aven0201,25:28 (23),,,,,,,,,,,,,,,,,,,,,,,,,,,,,,,,,,,,,,,,,,,
839,23,joeSSGYT,41:38 (8),29:50 (15),,,,,,,,,,,,,,,,,,,,,,,,,,,,,,,,,,,,,,,,,,
840,23,sliperYT,,,,,,,,,38:29 (23),,,,,,,,,,,,,,,,,,,,,,,,,,,,,,,,,,,
841,23,AgentSwawn,,,,,,,,,38:34 (23),,,,,,,,,,,,,,,,,,,,,,,,,,,,,,,,,,,
842,23,rileygotpb,,,,,,,,,,,33:24 (23),,,,,,,,,,,,,,,,,,,,,,,,,,,,,,,,,
843,23,akivn,,,,,,,,,,,,,,,,,,,50:57 (23),,,,,,,,,,,,,,,,,,,,,,,,,
844,23,MBSPEEDRUNNER,,,,,,,,,,,,,,,,,,54:39 (23),,,,,,,,,,,,,,,,,,,,,,,,,,
845,23,nng_,,,,,,,,,,,,,,,,,,,,,,,,,1:23:32 (23),,,,,,,,,,,,,,,,,,,
846,22,Buttery,,24:47 (22),,,,,,,,,,,,,,,,,,,,,,,,,,,,,,,,,,,,,,,,,,
847,22,BananaMan3000,,,,,,,,,,38:57 (22),,,,,,,,,,,,,,,,,,,,,,,,,,,,,,,,,,
848,22,vampireslayersrscary,,,,,,,,,39:00 (22),,,,,,,,,,,,,,,,,,,,,,,,,,,,,,,,,,,
849,22,MoonKnight_Pies,,,,,,,,,39:12 (22),,,,,,,,,,,,,,,,,,,,,,,,,,,,,,,,,,,
850,22,Vegandonut,,,,,,,,,,,,,,,,45:32 (22),,,,,,,,,,,,,,,,,,,,,,,,,,,,
851,22,AvatarPapi,,,,,,,,,,,,,,,,,49:20 (22),,,,,,,,,,,,,,,,,,,,,,,,,,,
852,22,346hipp,,,,,,,,,,,,,,,,,,56:18 (22),,,,,,,,,,,,,,,,,,,,,,,,,,
853,22,KyGuy090512lolalt,,,,,,,,,,,,,,,,,,,,,,,,1:00:0 (22),,,,,,,,,,,,,,,,,,,,
854,22,DillThePill08,,,,,,,,,,,,,,,,,,,,,,,,,,45 (22),,,,,,,,,,,,,,,,,,
855,22,choppercat,,,,,,,,,,,,,,,,,,,,,,,,,,,,,,1:38:23 (22),,,,,,,,,,,,,,
856,21,HothRaka,26:11 (21),,,,,,,,,,,,,,,,,,,,,,,,,,,,,,,,,,,,,,,,,,,
857,21,Nasiya,26:16 (21),,,,,,,,,,,,,,,,,,,,,,,,,,,,,,,,,,,,,,,,,,,
858,21,PigfantPP,26:26 (21),,,,,,,,,,,,,,,,,,,,,,,,,,,,,,,,,,,,,,,,,,,
859,21,Viktor1565,39:04 (10),34:41 (11),,,,,,,,,,,,,,,,,,,,,,,,,,,,,,,,,,,,,,,,,,
860,21,rynblueproducion14,,,,,,,,,40:42 (21),,,,,,,,,,,,,,,,,,,,,,,,,,,,,,,,,,,
861,21,HarleyCantAim,,,,,,,,,,,,,,,,,,,,,,,,,,,,,,1:39:39 (21),,,,,,,,,,,,,,
862,20,melonsaid,,,,,,,,,,40:42 (20),,,,,,,,,,,,,,,,,,,,,,,,,,,,,,,,,,
863,20,Suraimu,,,,,,,,,40:52 (20),,,,,,,,,,,,,,,,,,,,,,,,,,,,,,,,,,,
864,20,Waggsworld5,,,,,,,,,40:57 (20),,,,,,,,,,,,,,,,,,,,,,,,,,,,,,,,,,,
865,20,Tithedarkelf,,,,,,,,,,41:04 (20),,,,,,,,,,,,,,,,,,,,,,,,,,,,,,,,,,
866,20,colpyc14,,,,,,,,,41:09 (20),,,,,,,,,,,,,,,,,,,,,,,,,,,,,,,,,,,
867,20,joemama2,,,,,,,,,,41:16 (20),,,,,,,,,,,,,,,,,,,,,,,,,,,,,,,,,,
868,20,KlaytonThomasYT,,,,,,,,,41:20 (20),,,,,,,,,,,,,,,,,,,,,,,,,,,,,,,,,,,
869,20,Duckypro986,,,,,,,,,,41:25 (20),,,,,,,,,,,,,,,,,,,,,,,,,,,,,,,,,,
870,20,Gabeoplaygameo,,,,,,,,,,,,,,,,,,,,,,,,1:02:54 (20),,,,,,,,,,,,,,,,,,,,
871,20,Galaxy72,,,,,,,,,,,,,,,,,,,,,,,,1:04:14 (20),,,,,,,,,,,,,,,,,,,,
872,20,Swordo,,,,,,,,,,,,,,,,,,,,,,,,,1:29:42 (20),,,,,,,,,,,,,,,,,,,
873,20,Kieron_,,,,,,,,,,,,,,,,,,,,,,,,,,,,,,1:43:54 (20),,,,,,,,,,,,,,
874,19,Tat515,27:56 (19),,,,,,,,,,,,,,,,,,,,,,,,,,,,,,,,,,,,,,,,,,,
875,19,Banj0,,,,,1:56 (19),,,,,,,,,,,,,,,,,,,,,,,,,,,,,,,,,,,,,,,
876,19,sheepd,,,,,,,,,,41:52 (19),,,,,,,,,,,,,,,,,,,,,,,,,,,,,,,,,,
877,19,b0ss.onion,,,,,,,,,,,37:38 (19),,,,,,,,,,,,,,,,,,,,,,,,,,,,,,,,,
878,19,Ltrain,,,,,,,,,,,,,,,,,,,,54:27 (19),,,,,,,,,,,,,,,,,,,,,,,,
879,19,Nick_,,,,,,,,,,,,,,,,,,,,,,,,,1:30:35 (19),,,,,,,,,,,,,,,,,,,
880,19,thespecificgamer,,,,,,,,,,,,,,,,,,,,,,,,,,,,,,1:44:20 (19),,,,,,,,,,,,,,
881,19,XIAMY144,,,,,,,,,,,,,,,,,,,,,,,,,,,,,,1:45:55 (19),,,,,,,,,,,,,,
882,18,rataf,,27:43 (18),,,,,,,,,,,,,,,,,,,,,,,,,,,,,,,,,,,,,,,,,,
883,18,JustinShokal7,28:08 (18),,,,,,,,,,,,,,,,,,,,,,,,,,,,,,,,,,,,,,,,,,,
884,18,low_battery,,,30:10 (18),,,,,,,,,,,,,,,,,,,,,,,,,,,,,,,,,,,,,,,,,
885,18,Gopher,,,,,,,,,,,,43:18 (18),,,,,,,,,,,,,,,,,,,,,,,,,,,,,,,,
886,18,LenoraSwagSwagger,,,,,,,,,,,,,,,,,,,56:48 (18),,,,,,,,,,,,,,,,,,,,,,,,,
887,18,Riptid3,,,,,,,,,,,,,,,,,,,,,,,,1:06:06 (18),,,,,,,,,,,,,,,,,,,,
888,18,buddder,,,,,,,,,,,,,,,,,,,,,,,,1:07:18 (18),,,,,,,,,,,,,,,,,,,,
889,18,Ergostasiopaidi,,,,,,,,,,,,,,,,,,,,,,,,,1:34:09 (18),,,,,,,,,,,,,,,,,,,
890,18,Asuki15,,,,,,,,,,,,,,,,,,,,,,,,,1:34:46 (18),,,,,,,,,,,,,,,,,,,
891,17,Herozer,,28:30 (17),,,,,,,,,,,,,,,,,,,,,,,,,,,,,,,,,,,,,,,,,,
892,17,WoomyInAVroomy,29:02 (17),,,,,,,,,,,,,,,,,,,,,,,,,,,,,,,,,,,,,,,,,,,
893,17,sshadow249,29:19 (17),,,,,,,,,,,,,,,,,,,,,,,,,,,,,,,,,,,,,,,,,,,
894,17,AhmedSpeedster,29:30 (17),,,,,,,,,,,,,,,,,,,,,,,,,,,,,,,,,,,,,,,,,,,
895,17,AstralToad,,,,,,,,,,44:03 (17),,,,,,,,,,,,,,,,,,,,,,,,,,,,,,,,,,
896,17,CalamitousEssence,,,,,,,,,44:32 (17),,,,,,,,,,,,,,,,,,,,,,,,,,,,,,,,,,,
897,17,WestteamStrikers,,,,,,,,,44:43 (17),,,,,,,,,,,,,,,,,,,,,,,,,,,,,,,,,,,
898,17,Yoshi12345,,,,,,,,,,,39:17 (17),,,,,,,,,,,,,,,,,,,,,,,,,,,,,,,,,
899,17,mikaelakerfeldt,,,,,,,,,,,39:41 (17),,,,,,,,,,,,,,,,,,,,,,,,,,,,,,,,,
900,17,MrJazzyYT,,,,,,,,,,,,,,,,,,,,,,,,1:08:43 (17),,,,,,,,,,,,,,,,,,,,
901,17,KatPlayz,,,,,,,,,,,,,,,,,,,,,,,,,1:35:19 (17),,,,,,,,,,,,,,,,,,,
902,17,BigGeorge,,,,,,,,,,,,,,,,,,,,,,,,,,,,,,1:51:36 (17),,,,,,,,,,,,,,
903,17,TTAM,,,,,,,,,,,,,,,,,,,,,,,,,,,,,,1:51:41 (17),,,,,,,,,,,,,,
904,17,Calb_er,,,,,,,,,,,,,,,,,,,,,,,,,,,,,,1:52:59 (17),,,,,,,,,,,,,,
905,16,Sam_ham,,29:34 (16),,,,,,,,,,,,,,,,,,,,,,,,,,,,,,,,,,,,,,,,,,
906,16,solomander6000,29:49 (16),,,,,,,,,,,,,,,,,,,,,,,,,,,,,,,,,,,,,,,,,,,
907,16,Silkysalmon514,30:00 (16),,,,,,,,,,,,,,,,,,,,,,,,,,,,,,,,,,,,,,,,,,,
908,16,KwazyKID,30:02 (16),,,,,,,,,,,,,,,,,,,,,,,,,,,,,,,,,,,,,,,,,,,
909,16,fleur_bleue,30:05 (16),,,,,,,,,,,,,,,,,,,,,,,,,,,,,,,,,,,,,,,,,,,
910,16,klarkmuchisgood,,,,,,,,,45:59 (16),,,,,,,,,,,,,,,,,,,,,,,,,,,,,,,,,,,
911,16,ducks4life,,,,,,,,,46:02 (16),,,,,,,,,,,,,,,,,,,,,,,,,,,,,,,,,,,
912,16,RamenNoodle323,,,,,,,,,,,,,,,,,,1:05:59 (16),,,,,,,,,,,,,,,,,,,,,,,,,,
913,16,bunkm8,,,,,,,,,,,,,,,,,,,,,,,,1:11:04 (16),,,,,,,,,,,,,,,,,,,,
914,16,END_XxpowerhousexX6,,,,,,,,,,,,,,,,,,,,,,,,1:11:07 (16),,,,,,,,,,,,,,,,,,,,
915,16,Ishfish,,,,,,,,,,,,,,,,,,,,,,,,,1:40:25 (16),,,,,,,,,,,,,,,,,,,
916,16,Super_Bas,,,,,,,,,,,,,,,,,,,,,,,,,,,,,,1:54:24 (16),,,,,,,,,,,,,,
917,15,Twillytwig99,,29:59 (15),,,,,,,,,,,,,,,,,,,,,,,,,,,,,,,,,,,,,,,,,,
918,15,izaruru,31:24 (15),,,,,,,,,,,,,,,,,,,,,,,,,,,,,,,,,,,,,,,,,,,
919,15,TJFitzy,31:41 (15),,,,,,,,,,,,,,,,,,,,,,,,,,,,,,,,,,,,,,,,,,,
920,15,Woke,,,,,,,,22:53 (15),,,,,,,,,,,,,,,,,,,,,,,,,,,,,,,,,,,,
921,15,Idontthinkgreat,,,,,,,,,48:18 (15),,,,,,,,,,,,,,,,,,,,,,,,,,,,,,,,,,,
922,15,Yakieboncookie,,,,,,,,,48:19 (15),,,,,,,,,,,,,,,,,,,,,,,,,,,,,,,,,,,
923,15,Cocomonsta,,,,,,,,,,,,,,,,,,,1:03:34 (15),,,,,,,,,,,,,,,,,,,,,,,,,
924,15,XCNR,,,,,,,,,,,,,,,,,,1:08:25 (15),,,,,,,,,,,,,,,,,,,,,,,,,,
925,14,OnE_Raider,,31:25 (14),,,,,,,,,,,,,,,,,,,,,,,,,,,,,,,,,,,,,,,,,,
926,14,Colonial_Colony,32:35 (14),,,,,,,,,,,,,,,,,,,,,,,,,,,,,,,,,,,,,,,,,,,
927,14,wearenotsad,32:40 (14),,,,,,,,,,,,,,,,,,,,,,,,,,,,,,,,,,,,,,,,,,,
928,14,BigPeePeeGuy123,32:45 (14),,,,,,,,,,,,,,,,,,,,,,,,,,,,,,,,,,,,,,,,,,,
929,14,felinefrost,32:48 (14),,,,,,,,,,,,,,,,,,,,,,,,,,,,,,,,,,,,,,,,,,,
930,14,IWillLiterally,,,,,,,,,49:06 (14),,,,,,,,,,,,,,,,,,,,,,,,,,,,,,,,,,,
931,14,GradyIndie,,,,,,,,,,,,,,,,57:55 (14),,,,,,,,,,,,,,,,,,,,,,,,,,,,
932,14,Rocketdoggy78,,,,,,,,,,,,,,,,58:17 (14),,,,,,,,,,,,,,,,,,,,,,,,,,,,
933,14,CattyG,,,,,,,,,,,,,,,,,1:01:30 (14),,,,,,,,,,,,,,,,,,,,,,,,,,,
934,14,_mich,,,,,,,,,,,,,,,,,,1:10:20 (14),,,,,,,,,,,,,,,,,,,,,,,,,,
935,14,ArtistTaco,,,,,,,,,,,,,,,,,,,,,,,,1:15:33 (14),,,,,,,,,,,,,,,,,,,,
936,14,cocohunter152,,,,,,,,,,,,,,,,,,,,,,,,,,,,,,2:03:24 (14),,,,,,,,,,,,,,
937,14,grain_eater,,,,,,,,,,,,,,,,,,,,,,,,,,,,,,2:03:25 (14),,,,,,,,,,,,,,
938,13,Magic_Fetus,,32:16 (13),,,,,,,,,,,,,,,,,,,,,,,,,,,,,,,,,,,,,,,,,,
939,13,TwoStingray4375,,32:47 (13),,,,,,,,,,,,,,,,,,,,,,,,,,,,,,,,,,,,,,,,,,
940,13,key_dropBoy555,,32:57 (13),,,,,,,,,,,,,,,,,,,,,,,,,,,,,,,,,,,,,,,,,,
941,13,Facundoyanero,,,,,,,22:55 (13),,,,,,,,,,,,,,,,,,,,,,,,,,,,,,,,,,,,,
942,13,boiwithadoge,,,,,,,,,,50:10 (13),,,,,,,,,,,,,,,,,,,,,,,,,,,,,,,,,,
943,13,Jerryismynameorisit,,,,,,,,,51:42 (13),,,,,,,,,,,,,,,,,,,,,,,,,,,,,,,,,,,
944,13,fchy0006,,,,,,,,,,,,,,,,59:38 (13),,,,,,,,,,,,,,,,,,,,,,,,,,,,
945,13,Causlycompertitive,,,,,,,,,,,,,,,,59:59 (13),,,,,,,,,,,,,,,,,,,,,,,,,,,,
946,13,potatoking5537,,,,,,,,,,,,,,,,1:00:20 (13),,,,,,,,,,,,,,,,,,,,,,,,,,,,
947,13,GamerMan426,,,,,,,,,,,,,,,,,,,,,,,,,1:49:02 (13),1:49:02 (0),,,,,,,,,,,,,,,,,,
948,13,Mohammed555,,,,,,,,,,,,,,,,,,,,,,,,,1:52:18 (13),,,,,,,,,,,,,,,,,,,
949,13,SoapAgent,,,,,,,,,,,,,,,,,,,,,,,,,,,,,,,,,,,,,,,,,,,,1:55:52 (13)
950,12,MintCalfDaddy,,33:15 (12),,,,,,,,,,,,,,,,,,,,,,,,,,,,,,,,,,,,,,,,,,
951,12,YoloJesus420,,33:39 (12),,,,,,,,,,,,,,,,,,,,,,,,,,,,,,,,,,,,,,,,,,
952,12,Ramble,,34:00 (12),,,,,,,,,,,,,,,,,,,,,,,,,,,,,,,,,,,,,,,,,,
953,12,ky_bee,34:15 (12),,,,,,,,,,,,,,,,,,,,,,,,,,,,,,,,,,,,,,,,,,,
954,12,Ihateseabass,34:57 (12),,,,,,,,,,,,,,,,,,,,,,,,,,,,,,,,,,,,,,,,,,,
955,12,Yeet_Xe_Boi,35:31 (12),,,,,,,,,,,,,,,,,,,,,,,,,,,,,,,,,,,,,,,,,,,
956,12,AlienArmy127,,,37:16 (12),,,,,,,,,,,,,,,,,,,,,,,,,,,,,,,,,,,,,,,,,
957,12,JonahCraft7,,,,,,,,,,,,,,,,1:01:45 (12),,,,,,,,,,,,,,,,,,,,,,,,,,,,
958,12,PeakShoe,,,,,,,,,,,,,,,,1:02:23 (12),,,,,,,,,,,,,,,,,,,,,,,,,,,,
959,12,the_radish,,,,,,,,,,,,,,,,,,,1:10:42 (12),,,,,,,,,,,,,,,,,,,,,,,,,
960,12,RedLiamDude,,,,,,,,,,,,,,,,,,1:14:24 (12),,,,,,,,,,,,,,,,,,,,,,,,,,
961,12,KFCbigboy,,,,,,,,,,,,,,,,,,1:14:48 (12),,,,,,,,,,,,,,,,,,,,,,,,,,
962,12,CK_Ghost557,,,,,,,,,,,,,,,,,,,,,,,,,1:52:43 (12),,,,,,,,,,,,,,,,,,,
963,12,GMD_Capybara,,,,,,,,,,,,,,,,,,,,,,,,,1:54:23 (12),,,,,,,,,,,,,,,,,,,
964,12,BP_plays,,,,,,,,,,,,,,,,,,,,,,,,,1:54:32 (12),,,,,,,,,,,,,,,,,,,
965,12,SmockingKidz,,,,,,,,,,,,,,,,,,,,,,,,,1:56:28 (12),,,,,,,,,,,,,,,,,,,
966,12,Hyphen,,,,,,,,,,,,,,,,,,,,,,,,,,,,,,2:13:48 (12),,,,,,,,,,,,,,
967,11,michael2010,35:58 (11),,,,,,,,,,,,,,,,,,,,,,,,,,,,,,,,,,,,,,,,,,,
968,11,Math_King,,36:04 (11),,,,,,,,,,,,,,,,,,,,,,,,,,,,,,,,,,,,,,,,,,
969,11,jimmystumps,,,,,,,25:00 (11),,,,,,,,,,,,,,,,,,,,,,,,,,,,,,,,,,,,,
970,11,LenBen12345,,,,,,,,,,55:07 (11),,,,,,,,,,,,,,,,,,,,,,,,,,,,,,,,,,
971,11,Mercy101,,,,,,,,,,,,,,,,,,,1:14:06 (11),,,,,,,,,,,,,,,,,,,,,,,,,
972,11,lucco17,,,,,,,,,,,,,,,,,,,,,,,,,,1:03 (11),,,,,,,,,,,,,,,,,,
973,11,RezzyBxy,,,,,,,,,,,,,,,,,,,,,,,,,,,,,,,,,,,,,,,,,,,,2:05:20 (11)
974,10,UltraDuckMaster,,37:05 (10),,,,,,,,,,,,,,,,,,,,,,,,,,,,,,,,,,,,,,,,,,
975,10,Kris_Korn,,37:29 (10),,,,,,,,,,,,,,,,,,,,,,,,,,,,,,,,,,,,,,,,,,
976,10,LifeOnTheLedgerLines,37:41 (10),,,,,,,,,,,,,,,,,,,,,,,,,,,,,,,,,,,,,,,,,,,
977,10,Unknown1,38:42 (10),,,,,,,,,,,,,,,,,,,,,,,,,,,,,,,,,,,,,,,,,,,
978,10,hurley0416,39:13 (10),,,,,,,,,,,,,,,,,,,,,,,,,,,,,,,,,,,,,,,,,,,
979,10,BatidudeEX,,,,,,,,,58:33 (10),,,,,,,,,,,,,,,,,,,,,,,,,,,,,,,,,,,
980,9,its_Chilly__,,38:55 (9),,,,,,,,,,,,,,,,,,,,,,,,,,,,,,,,,,,,,,,,,,
981,9,linkboi22,,39:29 (9),,,,,,,,,,,,,,,,,,,,,,,,,,,,,,,,,,,,,,,,,,
982,9,rangerblake13,39:46 (9),,,,,,,,,,,,,,,,,,,,,,,,,,,,,,,,,,,,,,,,,,,
983,9,04preme,39:50 (9),,,,,,,,,,,,,,,,,,,,,,,,,,,,,,,,,,,,,,,,,,,
984,9,Astro5000,39:58 (9),,,,,,,,,,,,,,,,,,,,,,,,,,,,,,,,,,,,,,,,,,,
985,9,dicklicker,40:12 (9),,,,,,,,,,,,,,,,,,,,,,,,,,,,,,,,,,,,,,,,,,,
986,9,chubbinlovin,40:33 (9),,,,,,,,,,,,,,,,,,,,,,,,,,,,,,,,,,,,,,,,,,,
987,9,robot1234,41:21 (9),,,,,,,,,,,,,,,,,,,,,,,,,,,,,,,,,,,,,,,,,,,
988,9,Distecus,,,,,,,,,1:00:0 (9),,,,,,,,,,,,,,,,,,,,,,,,,,,,,,,,,,,
989,9,NightCooky,,,,,,,,,1:01:00 (9),,,,,,,,,,,,,,,,,,,,,,,,,,,,,,,,,,,
990,9,GadoradeBottle,,,,,,,,,,,,,,,,,,,1:20:38 (9),,,,,,,,,,,,,,,,,,,,,,,,,
991,9,frogchild,,,,,,,,,,,,,,,,,,,1:21:49 (9),,,,,,,,,,,,,,,,,,,,,,,,,
992,9,yuordadl20,,,,,,,,,,,,,,,,,,,,,,,,,2:12:17 (9),,,,,,,,,,,,,,,,,,,
993,8,Punctual26,41:32 (8),,,,,,,,,,,,,,,,,,,,,,,,,,,,,,,,,,,,,,,,,,,
994,8,68amazing,41:41 (8),,,,,,,,,,,,,,,,,,,,,,,,,,,,,,,,,,,,,,,,,,,
995,8,Cloud42069,,,,,,,,,,,,,,,,,,1:32:15 (8),,,,,,,,,,,,,,,,,,,,,,,,,,
996,8,tcw1,,,,,,,,,,,,,,,,,,,,,,,,,,1:14 (8),,,,,,,,,,,,,,,,,,
997,7,Ballisticam12,,43:15 (7),,,,,,,,,,,,,,,,,,,,,,,,,,,,,,,,,,,,,,,,,,
998,7,terrythetortoise,,43:50 (7),,,,,,,,,,,,,,,,,,,,,,,,,,,,,,,,,,,,,,,,,,
999,7,TURKEY3659,,44:30 (7),,,,,,,,,,,,,,,,,,,,,,,,,,,,,,,,,,,,,,,,,,
1000,7,Msdoodoo,45:02 (7),,,,,,,,,,,,,,,,,,,,,,,,,,,,,,,,,,,,,,,,,,,
1001,7,Mastergamer_09,46:57 (7),,,,,,,,,,,,,,,,,,,,,,,,,,,,,,,,,,,,,,,,,,,
1002,7,mw2dghj,,,,,,,31:41 (7),,,,,,,,,,,,,,,,,,,,,,,,,,,,,,,,,,,,,
1003,7,Yavuz1,,,,,,,31:54 (7),,,,,,,,,,,,,,,,,,,,,,,,,,,,,,,,,,,,,
1004,7,YoshiChris08,,,,,,,,,,,,,,,,,,,,,,,,,2:34:40 (7),,,,,,,,,,,,,,,,,,,
1005,6,BameGoy,,,,,,,,,,,,,,,,,,,,,,,,,2:36:21 (6),,,,,,,,,,,,,,,,,,,
1006,6,TheDino Rhino,,,,,,,,,,,,,,,,,,,,,,,,,2:39:14 (6),,,,,,,,,,,,,,,,,,,
1007,6,DoctorCringe925,,,,,,,,,,,,,,,,,,,,,,,,,2:45:19 (6),,,,,,,,,,,,,,,,,,,
1008,5,hymate,51:45 (5),,,,,,,,,,,,,,,,,,,,,,,,,,,,,,,,,,,,,,,,,,,
1009,5,Speedyturbo,,,,,,,,,,,,,,,,,,2:00:0 (5),,,,,,,,,,,,,,,,,,,,,,,,,,
1010,5,Kazadure,,,,,,,,,,,,,,,,,,,,,,,,,,,,,,,,,,,1:16:48 (5),,,,,,,,,
1011,4,Ice2474,1:00:0 (4),,,,,,,,,,,,,,,,,,,,,,,,,,,,,,,,,,,,,,,,,,,
1012,4,i_am_op,1:00:0 (4),,,,,,,,,,,,,,,,,,,,,,,,,,,,,,,,,,,,,,,,,,,
1013,4,StrawberrySakura,1:02:04 (4),,,,,,,,,,,,,,,,,,,,,,,,,,,,,,,,,,,,,,,,,,,
1014,3,CheezItFrog,,,,,,,,,,,,,,,,,,,,,,,,,,,,,,,,,,,1:38:04 (3),,,,,,,,,
1015,1,nico1,,1:40:07 (1),,,,,,,,,,,,,,,,,,,,,,,,,,,,,,,,,,,,,,,,,,
1016,1,Connelen,,,,,11:00 (1),,,,,,,,,,,,,,,,,,,,,,,,,,,,,,,,,,,,,,,
1017,1,OoscarTheProGamer,,,,,,,,,,,2:56:08 (1),,,,,,,,,,,,,,,,,,,,,,,,,,,,,,,,,
1018,1,TravesScott,,,,,,,,,,,,,5:29 (1),,,,,,,,,,,,,,,,,,,,,,,,,,,,,,,
1019,1,Hippo62,,,,,,,,,,,,,,,,,,,,,,,,,,,,,,,,,,,2:34:43 (1),,,,,,,,,
1019,0,GreedyGore,,,,,16:03 (0),,,,,,,,,,,,,,,,,,,,,,,,,,,,,,,,,,,,,,,
