y8dmyp98,Caarda
zxzkw0rx,Creepiumgamer
qxkwy26x,Sabi2798
x7q145y8,pianodude1011
8dwwm09j,rothegreat
qxkg52j0,Cheggjon
kjpm452j,Fqceless
98rer3qx,ennopponetwelve
8wk394v8,chalk_
1xyp4wvx,Raffii
x7q62zy8,cheavus
j4qzgpmx,Pale_Manny
j011norx,Lodren
j0315rrj,LogicDefender
zxzv304j,Arbusion
kj90nrj4,Kyrette
xyr13zyj,Dragox3
dx35zdej,Lachurs
xy51don8,Psylaris
jn3kkn4x,ankka
8vke60yj,MambaDooEezy
8l4kz74j,Reality1337
x3qq7dej,pr1sm
8rpey16j,Axther
xz7l0lej,UnrealArchon
j03v7k3j,snivy
xy5nrww8,FlipK1cky
xz79m9rj,JonnyXX9
qj2mqp8k,piplup17
o860ep8z,TheGlitched64
jn3rq7dx,LDJ1337
18vpev8l,Regia
xkm0y42j,bananaman1302
8dw14olj,FlawlessDiamond
86voy50j,ThePenelopySisters
qj2gmnl8,life8853
7j42ywvx,Joeeigel
8gemvm7j,FlavienSR
j03w4v3j,JustAKiddo
xk4mzlkj,acrosonic
8q3yvkwj,SummerPi314159
86ve0vpj,Ways16
kj944nwx,ZoomingArrow
jnzzrv1j,furyian
o8670q3j,schefey
68wpllxg,OutrageousJosh
8l4pgn7j,mattshea
j5wqrwwj,Epicoz
j2q3mwnj,ILikeBaguette25
8dwkgooj,SpeedrunNerd
qxkoy368,Maqic
j4ryv358,csercser3
8wldo6lj,blister269
8rp4z2wj,Stuwe
8d34eklx,OwnJoke
48g9gopx,SayonUnderscore
8dw19r5j,Crazy_Soup
x72230r8,peanutninja
j2w6q9pj,jcamp613
x35kry7j,MCBHammer
j966dqoj,Cyan1
jp4rw02j,panda-dan-yt
8qzgdkw8,Bronsicle
68wnl2l8,Te_N_
5j5mm3w8,Ris_Grestar
zx7ykkyx,CGMB
jmo4q9o8,octopiee
8qrr29dj,Mykhul
jopoz7ex,TrentinQuarantino
kjpw7q2x,badmuchachob
j96k4krj,CeleryControl
j4vezymj,leando
v81odpxp,Gabriel.Hartman
qjn63gwx,Jeser101
x72mpd08,Bunger
8wle7v4j,InsErtNameHere46
8qr6dzoj,MerpItUp
1xydv5vx,Apl3ater
jmpp5roj,Brian_WF
8l09ndr8,Brave
jmo15qo8,StarGic
qj2rkr6x,redding
8enkme78,AnnoyingFishe
jpm7yz4j,wisdom_horse
j2y00n78,dazed
jn3dnewx,mittens_11
jpo57l08,KurtSkrrt
dx3e3zej,Intalijowe
jp40oq2j,BoostedBeta
816kmlqx,ShankerJN
xz71reej,ZZJET7
x3mvnlk8,Meme
jop2ok7x,LexonLexoff
xz74od4j,Pokeypsu07
j03g3k9j,GrizHawk
jop2gvex,duckpig13
qjn0e92x,Klerpx
j42vnewx,Creggaeton
j2wp016j,Danxi
jpr76028,MoistBrownie
joppd9lx,pud3222
j42vz0lx,DLChamp
xk43el6j,MrSouls1947
kj967rwj,JClawy
qj269yox,fivehead
86n4740x,dtsayshi
x3qq57qj,crustyspeed
8e9kz17j,Shuckle44
8lr7o0l8,LowVVVV
x7qk1v68,Srp321
o865nq3x,Jack3226
8dw7onoj,zypotic
jp4p435j,Techno64
1xypv0zx,brook1yn_
8l0ez6l8,pancakezgaming
qj205p7x,Pogo17
8qro1poj,tonusbonus
86vz9mqj,kalebbbbb
kj9pnnx4,BlueCrystal004
8r7l9mqj,cunure
j42ezk5x,Aspen71
8wl1264j,T0XICReaper
xz716znj,OverheadRed
8l0y3928,DrakeJman
8qr3mmdj,Dankey19
xyrl4zwj,donuts-and-chickens
xylv0ezj,pdspeed
jmlkn6y8,Chuf
x3qq702j,itsgreeeny
pj0lokrj,Goldenux
8l4nd2rj,goatcheese
8lrogrv8,Pyromanic8
x72mo308,KiJiJiCasul
8eng4gd8,SoupSiren
j966nlnj,Mitespark
pj0nq9w8,zackwebs
x3q3702j,Catcher
j92m4gr8,Labyrinth
pj0214w8,Matt4132
xz77w99j,standa.kostik
x72mn5v8,Irox
j51o0og8,PotatoLatte
xz7lvmnj,Luke1297
e8e5qq68,WyoBear
8v554wej,Lyfrano
8164o15x,Spencer_mooz
j5w5dzwj,Sir_Yupp
y8drq9mx,seamaniac81
jnzzygwj,FreezFrog
j4r6m6v8,Molehole
x3qmv5qj,Peakab0o
xk1w9k6j,Saragossa
v8lvl3rj,SayMyName
8l441g2j,Chin
x3q39eej,realburntchicken
jop1eq7x,haydosd22
j4rm2gd8,luckybeee
8d3ldygx,Tang207
8r72pqqj,grycworm
xz95e748,1nstant
18v7zon8,Sansone53
kjpy612j,MKWilliam
j03vnmrj,Shumi
jopo0n0x,MoltenAir
zx70y26j,Milovaith
xk435w6j,Brrrrread
0jmmm34j,cobiscobby
jopo6g3x,JamieMart98
qj2r4r6x,Nicko893
xz7l0mej,NotASwarm
xk4m9rmj,Keegan42
j965dqnj,BaconBitz11
816qg45x,Dzhekson
jp4wp34j,goblin_boi_
18v2gzyj,SpicyOranges
j2wv2woj,BoogeyMan
jprwyp28,deimos_owo
98rn4wx1,BigMac
qjnd9nq8,GorillazAbbeyRoadie
8e96rddj,SmolDud
xyrmqdwj,ScottWills22
8rplq1wj,ThatDatFatPanda
x7y5znrx,GanymedeUTDR
8rp9ozwj,DPaq
x7mzzy6x,BurningBlaziken
xyrmw9wj,BluesyCorgi5587
y8d7l2o8,RebornILLUMINATI
xk1m652j,Eviosin
xk4zvzmj,tittylover690
8enz2r68,p1cklen1k
kj9v47x4,xzRockin
8qr3rdoj,Sherika
8grrw9yx,DeBugg
866eyd58,Magster188
j5wnonzj,athlete54321
8l44w52j,Silver76
86n6vlpx,Anduril
jop9gq3x,NoBoundaries
xz0q1y48,THEFASTEST2
j2w3odnj,grandeer
8r73256j,PlexagonsBuff
5j5w91wj,EazySpeezy
8gr0egpx,awesomeotts
5j5onmzx,Matyim
jopk1ynx,Azorbz
j927y3w8,Erikfzf
j423kldx,morbiose_juice
j422ml5x,jrod4pats
j96d1q7j,22eyedgargoyle
xz77plnj,matthew688
48gym78p,Kevy1885
xz7l3qej,JustXav
jmpp5w4j,ScaryRedPanda
xkom55m8,KingLavaCactus
zxz3lwn8,SchwarzSSB
814m70q8,TXLonghornFan22
xz9ww408,JiffeVo
qj20wzlx,Polariz
xk44542j,njtred
xy5yk1z8,ayoitscat
18vl7nex,ImDart
1xydmymx,MaxClash101
jopo020x,ZombiehunterX3
j2wqr6lj,AVitt
xy5w2nv8,Antonyantys
j2wwdmpj,CuteBob
68wdpnzx,Daddymonstar
8r71zkdj,MiiKaa
18vkemyj,Bat
8l449l4j,mochimossball
dx3no3ej,DuckLifeEsports
pj02o538,0Shadowz
18v1qen8,Deodatus_
jp44272j,alex742
8e50e078,barros_
8rp667gj,Signal_Ehxx
1xyznqn8,trumpetpapi2
86n3w6px,TheCoolNinja4
0jm0vee8,C43
8v5gwgvj,AvdolsFather
x72m49q8,KylarRen
8d34gkgx,5CentBanana
8d33199x,henry_jackson0
j03vq0wj,RedShurt
j5vy5qq8,Shenegade
816q6m5x,Drewuid
xz7l7g4j,integralpython
o86qprwx,SZero01
8wl37yvj,ITZ-YE-BOY-ADEN
8r77kzqj,dolgo
8d332qlx,barronw20
jnzznd2j,ShadoweQ666
jp4m94kj,yaradanakul
j4rzqym8,amik1337
qjnvgw18,WitherMin
8wlldk3j,Chicken_joe
zxz9zvr8,LochTechMonster
8qrrmwwj,EverydayIsaac
j4rz95w8,GenoAaronix
j96632oj,nerbos
8qr3d77j,leatMonke
jp4mn72j,0r4nge
zx7mo56x,hazzatron1
8d34735x,rocketseed
7j4nkqwx,LLawlietVI
98rdqwj1,Bluely
j2wp5onj,BeanStonk
jopnz6nx,CultCoop
48g4vm28,Bergerzs_450
joppd0ex,____E___
xz9oog48,ikethetrike
8vkkqvej,k4telyn
e8ez4d68,Yoshikiller109
xk42g66j,Synamfy
x7qnl2q8,minipapa21
j597p0qx,BruiserJE
814kr0l8,tguan
8q0qgpdj,waffleman544
68w25k48,Phazer
jopo293x,Maddi
kjpmlzyj,YMason
86vdkq0j,Lukey1_9_8
o861ev5j,THEFASTEST
8r7rne3j,CottonRCR
8grvmvpx,NeonicPlays
j5110vz8,CanOfLysol
x7qn92q8,dog4
18vknoyj,minerman2525
jmom5m48,SapphireSC
x3qomlkj,AidanXV
xz7734nj,littlecreeper85
j2w6m66j,logancrafts
8v5yyd2j,YouveBeanBad
pj00emwj,Ayeka
pj0lrrjw,theukuleleguy
x722lpq8,Exxotic
x3wp1wej,bananaispotassium
8enky4p8,pleir
jnz9om2j,Hype1tUp
xk44ez7j,Moofi
dx3ely6j,Reball
8r77dvwj,EstoniaMan
x7m7dwrx,lilhotpotato2
xk44r2kj,4point
j42qrw5x,Mr.Google
8rp1ylwj,GMoney12345
xz9zw5e8,ChasCM
8vkkkp5j,Leafal
j51pgog8,BettaJeffy
0jmzn3nx,doodle
816m03rx,bsty
8r73powj,DaBoChallenge
1xy0gyjr,TheUltimateGameBoy
jn3kqd1x,HighlightFilms
j96r6mwj,MoneyMedico
8qry31qj,Indeed_he_is_speedy
8d44y2g8,Cornbread121
j036v64j,joeypeanut
j51144q8,ChickenMuncher
x722nwy8,andrew32308
xyrr4oyj,Tinfern
814ym6r8,7e6i
jn3kkm4x,Redrock505
81mv69r8,Sneaky4328
x72ml0v8,RobotMania
x3qmm26j,Dinkleberg1225
jop2nlex,PoisonedArrow
98rp3dqj,Firekillerxx
81665n5x,The_Reddest_Panda
8geq417j,cevrosa
j2ym3p78,Speqtor238
8l024278,ABPEG
863w1w08,Erexslay
86v419qj,SirLampsaLot
8wllvevj,Dommapomma
816k75px,slammysammy45
jn33n04x,TheDomo
8r770lqj,Triadow
xyrmp1mj,QuietPills
xz950qe8,hoboro
jnz95rqj,LimeNade
j0n0pyw8,Querxes
j51rkzn8,sCosmicc
98reegx1,Robercigg
j03vodmj,Arcane_blade
xk4ql76j,kookiek
x3q533ej,tabuz
8grm1pyx,Ducklife333
8wk33yv8,B4ndit
jopo95ex,blake_1710
8l43432j,QuackBurrito987
xy5470z8,TOM_SUCKS
8wko30z8,Crescented
8rp0566j,Clarias
x3ml0o28,ryoshi99
jmpp5dyj,inspectorSpacetime
qj2rgkox,Har1s0n
j422nvlx,ntsukuda
8wk4k1v8,Haydunk
qjozezl8,Nebulawind
8wk97yv8,OatCat
x3q6527j,evanmuffins
y8d3n7mx,Neux
8qzkg4q8,iDeVo
jmp35rzj,pig_not_taken1
jn3myy4x,Potato_Man863
814ynvp8,rriittzzballz
8ge5dm1j,aaaaamed
qjn5mv1j,Exp3rience
8wllew4j,Coolz507
8d33vqlx,Yentist
j03nr2wj,LilHayden99
j9212l78,ItzBruhMoment
8e9v7qdj,Simonster18
pj0402rx,Woofstep
8l4zp17j,bow1255
j5w4pewj,Cr7omancer
j512mq68,Snxper
7j4rp1l8,GameVsPlayer
xz9wm5r8,pixelman-K
86vo3npj,Misha_Flash
8wl09nvj,Dzek1993
jn376y2x,MicrowavedBurrito1
8vkk302j,DarkIvey33
x72qe468,The_Pacific_gamer
xyr7y5vj,Triple8Games
8enn1478,MittensHD7
8l4pwklj,ablader22
8l44rdvj,SpronX
x36gl0ex,supermazen
j96646nj,speedrunner665
8d39609x,caraearls
8vkkp4vj,Samira404
x7qkzoq8,OddPandemonium
8qzo95o8,TRLittleToaster
xz70lz0j,UES_Radar_Kocab
xy56dqm8,SadBoy
x72m94v8,landantheducklifegod
jopp557x,Phantastic
jo3o3l0j,ITXDEMI
816k36qx,IRob-X
jn36kd1x,PrestoParrot64
86vmdv0j,Avzrule
8wkgkyl8,Kekelek
jmp2o7yj,PotatoSauce
48g7n78p,WindowsIcon
98rvdndj,Dave4681
xk4zzo9j,spaghettio_05
xk447v9j,thickboi
xk4m6v2j,dogemanwastaken
81k0yvpj,Xzap77
8166d9px,JoJoNaruto
j0v69pwx,thecooldog123
8rpd21dj,Paul_LOL
x7qnv3v8,Wind999
jop2z7ex,Evil_Sapphire9507
8g27z7pj,isaiahpachecolama
8qrrl07j,TheCraftee
x7qv0yr8,S0M3-N3RD
zxz5rnex,SolH501
8wlry3zj,VibrisDirtySock29
v8l4k12j,ashfr
jp432v5j,Julia_from_home
xz7z2l9j,Celine
v18q90jn,Jumpyluff
xk4mz06j,Zane4246
8r73kd3j,cooby_922
814dv0r8,anyapotato
8wll63zj,Autoishere
j2w1lenj,EliDaBaby
816q3d3x,DeliveryDuck
xyrmo0vj,KJ4561
8qo7glwj,Jetpack_Tack
dx37qve8,Austin5213
xk44k42j,TTYG
xz7969rj,McMakoShark
8l0plk78,Olliepop
e8e32k6j,Wavelino
j4rpd3l8,Breakfast_Enjoyer
8ger7lpj,Necessary
8rpn6w3j,DaemosGhost
qjonenn8,EmcD
8d3plm5x,k_enzo
j5qy0dnj,Diamond06
j51wyn68,LeComrade
j03vg4rj,TBird100
j422kmwx,Wii_Dude
8qzy2kw8,Carson2006
kj9npo78,MinerChris_124
jnz1742j,Chump
8w3pv63j,TGlitch
jop2ozex,drcola36
8w91krqj,Curtabug
j92w0zn8,FinaBear
814q2g58,Rex548-YT
8dw9kw5j,Asc3end
x3qrr0ej,Buttery
xz79o04j,ItsRay_Playz
jmoq0eo8,Pontus
jp4043yj,Beamer33
8grmd01x,depressed_potato
8v5mzpvj,CloseToAverage
j51vpdg8,aven0201
v8lpprjm,HothRaka
x726ooq8,JavaCyber
j26y37ox,Nasiya
8wl6de3j,PigfantPP
j2w2wppj,OllieTheEpicGamer
8gre7prx,rataf
jnzrez2j,Chimpz
x7mepw0x,Tat515
v81z60qj,JustinShokal7
j51v44q8,Herozer
jp44o0yj,NinjaSquirrel
kj9lvvoj,SheenSimpson
j2yqmr78,WoomyInAVroomy
j2w07m6j,sshadow249
8w3pdyvj,AhmedSpeedster
j96l50rj,Sam_ham
j40ykrv8,solomander6000
8wl3k1lj,joeSSGYT
x3q36o6j,anemo_wolphy
jopn9onx,Twillytwig99
xyo3mqwj,Silkysalmon514
8en6o5d8,KwazyKID
j5wwy7gj,fleur_bleue
8gr69zpx,low_battery
j2ygg9o8,izaruru
j511n7z8,OnE_Raider
j2yn3l68,TJFitzy
xyry6owj,Magic_Fetus
86n3w7wx,Colonial_Colony
8l4z7plj,wearenotsad
816kzklx,BigPeePeeGuy123
xyrk19mj,TwoStingray4375
x72p99v8,felinefrost
8vkgl4yj,key_dropBoy555
j52qdq6j,MintCalfDaddy
y8d5525j,YoloJesus420
j22wlppj,Ramble
xz70y2rj,bananagrams718
j0n9me38,ky_bee
j96zw6nj,Viktor1565
8grr1wyx,Ihateseabass
x72w99q8,thatboi_og123
8wlm9rvj,Yeet_Xe_Boi
j03g1p9j,michael2010
x3q03wej,Math_King
xyrol1zj,UltraDuckMaster
xz7ll0rj,AlienArmy127
8wlk9nzj,Kris_Korn
jnz6q44j,LifeOnTheLedgerLines
0jmpyv4j,Asylum14
jmp7prnj,Unknown1
814ry0r8,its_Chilly__
jopn3q3x,hurley0416
j03z96wj,linkboi22
xy5pdnw8,rangerblake13
8vkk3nnj,04preme
jm3y1wy8,Astro5000
jmpre54j,dicklicker
8gr9zv1x,chubbinlovin
8wlqnplj,robot1234
8enkoed8,Punctual26
8q5p1g08,68amazing
xk41v56j,Epic_46
jn9wo11x,Ballisticam12
jmplkqoj,terrythetortoise
xkgp7ymj,TURKEY3659
x3q1e4ej,Msdoodoo
jo3kyvlj,TheAlmond
jp623448,Mastergamer_09
xz7l5q0j,hymate
816ywlrx,Ice2474
j9k07nr8,i_am_op
x3qw977j,StrawberrySakura
xk1r34kj,nico1
j0nzl5w8,Banj0
0jm36648,CrunchKings
814pvzl8,ItsHavoc
48grnyrx,amg
qjnrpl2x,Connelen
8l02nm48,Megumin
v8165r5x,DragonHunter
pj0vgqwx,Trylodon
8qr3qnqj,Sleepy_Moon16
18v73ye8,Atteron
dx3k336j,GreedyGore
8rpl7r6j,FortniteChipper
68wlgd3j,Woke
98r6wz68,Facundoyanero
0jmpw4oj,jimmystumps
8enwm2p8,mw2dghj
8q3lwrdj,Yavuz1
8160k3rx,Imanapple
8g0d0m1x,WhiteStorm22
xz7zde0j,ConfusedBTW
jp44l02j,Pragara
xk4m9gkj,nahchoXD
8qr3q50j,Nulzap
j0nmepw8,Kosmet
xz7q09nj,AstroXAlf
8vk2rmvj,TheyCallMeGhys
8en61wp8,matthew2400000
xkpvl17j,JayEmL
jn1q50q8,VortexlolXD
8wl1vylj,osceyboy
jmpyr7yj,Belle_M_05
j9r9d0wj,TossedGotNewSocks
8r326lw8,duckywho
8d30egox,Òenomäus
xyrvoryj,SawyerSauce
8r73m06j,tjf220
8d49n2g8,Xen0m
86n3lepx,pavansingh811
xzl6knn8,chipscape
8wl0zolj,TDJoel
8gr5q62x,EpicTrister
j96d01nj,FieldRaccoon56
jn9rm01x,pollland
x7w66y68,Jamonsometoast
8e9mro2j,TheNamesBrodie
jn3wqr4x,Rycki
j2qvr77j,EpicTevan878
8qzome78,CounterSole66
8enge328,BenedictFleur123
jpm4qk2j,origammi
qj2wn77j,Longfield
8wlw75zj,Gaigus
8e6yy26j,LogicalPaths
j26veg6x,Merritt1254
xk1d24mj,enemyy
8r7dngdj,GRADIVUSbread
8ge3e1rj,squareSquared
j2wov46j,tommmmasssssss
8dwp5d9j,Wronghand
8l4oz6rj,yesJacob
86n7ep0x,Jsummers33
xk4mn39j,Decals
jopoop7x,rayah
8end9368,nerpice
8l43rz2j,qwex
8eng0w28,AirFreshenerGuy
xylv73zj,Decos
86rgm0w8,Izzometer
j06n139j,EnSnaredKnight
j4r7lmw8,Karma1412
8rm19nwj,D49David49
8e6yg1dj,goopoog
8rmqzg6j,ZayedGaming
j03r104j,EIGHT_O_CLOCK
j2wdvgnj,dekelse
jopogvex,Lubov
8vkn1w5j,Tourtles
xylzvqyj,ScItt0
x774egyx,Joshp_275
xkon5198,jeli
86ndmz3x,Galaxycat
j42vgndx,Rhylow
j0312rrj,kathow
x3q1gdej,Spyder_Hax
x7m2kz6x,sydney_beth
j9vngrrx,Me_ow
j42649vx,JManiac15
j96vmlrj,Pancake11037
jp4o110j,TTVillegalkid
xkmwzq9j,L1k3Lukas
x72d75r8,9AirFresheners
xk49z37j,Davo2544
j51qv4w8,Dnaky
j0vk0v3x,GoatMode
jop3vrlx,ADOPTMEPLAYER
x726mdy8,LolokoolGaming
xk41gpmj,larryboiz9
8gr54eyx,DoubleDuck
jmp0vkej,Calicious
kj9epno8,legiawarszawa
86pvz45j,AFwqrZ18
j9r0wyvj,rqR6S
jp4y975j,Saf-is_bad
j03l533j,DanaDumbass
86342q58,Mastermew2
jpo4pn58,Jklf125
81qn57pj,CorruptedNeptune
7j4rvem8,mistysurge
jopr29lx,not_zane
81qke7rj,BADBANANA
8vk2vwej,Ultimaaa
xyrv9yvj,mitchie
jp4p932j,timmy8710
jmlg06o8,thequickeking
xyrkr3mj,ThatKid55555
jo3ylznj,TheGubster
8wlloylj,pd2580
8vkrn2nj,cyclo9000
xylm9nwj,CambatX
8rmrk2dj,WiGuess
xko6m078,lilac_fieldss
8engryd8,WinterJackie
jo1k520x,abouda
jp4pqo2j,TerraMoon
jp440o4j,DaintyManatee88
x72m1dv8,20k_gaming
xk435mkj,RichLich
8qzpzv08,Somebody
8lzy967x,alyaf3e
xz9qvqr8,ultimategamertommy
j2w0y2pj,GamingLizard9
xzlplm98,CoopDawg2424
8vkpmgej,krentle
8l0knrr8,Maplewave
j96k777j,mstarp1
j46wq1w8,MistyCat3838
xyrk4dmj,klownsho
8ee9vyo8,SuperMarioBros999
8dpz27l8,ZEEUSS
jo2q2el8,choopd
8wl953vj,AshTheMoon
pj09l39j,icydragongames
8dgkr9l8,DogDestiny
8wl1m1qj,KOOLwhyles
jop7167x,IHaveNoMoney
jn3erd4x,FlareBlitz
xk1566kj,TheHEXX09
8vk611ej,Goldbrg
j2ww6goj,angrypig
18vm3v28,DinoMax0112
x3qn246j,Air_plays
jo22z2n8,PenguinCzar
v81v3v58,HaydenofEverything
j96k3kwj,salabi
x775e3vx,lissbackham
86nmkq0x,swwozz
jn3g32dx,Coodlude
8ennqyo8,determination6
xz15o34j,Jpro28
816mmyrx,CluckLad
863d6mp8,abc123connor
8qr34edj,papermonter18
866g6w08,dango124
j4qe9m5x,be4n
8gr2lv2x,PickledFairies
8l35wl78,AcidBother
xyrk2lnj,RubberNuggets
81k06v5j,SillyKitten39
8vkpyn2j,ThisWasteOfSpace
86n7rg0x,Jacwind
x72600q8,Kingmtggamer
8r7k6vqj,Animationreview
x3prye68,BadSpeedrunner731
jmo2wgy8,Treefire33
j0vwp94x,DotGov
x72ym268,Kawargo
xk49o02j,TurkeyGobble10
j23yed7x,Samw1tch
jmppy7zj,skeletonbones22
8gry1orx,Martinc
j2041olx,Lightning_Bike
8geg6y2j,PlatypusSoup
7j4z6ewx,ShrekedBoi
86n6r53x,devinswright
8ez3vlp8,FreakByrd
8en6rd28,thebigbeefis
8r31qqg8,tuttie0709
8g0k0kyx,Shoeless_
8dwoe49j,Sniggs98
jprd9e28,Smoovfn
xkpvgn2j,jack_dawlia
j264m5px,DatSpeedyDoge
j5115d68,soupedsoup
8qrywqdj,Shadowclone
8grr4g2x,BaldWatermelon
8r7rlpgj,SillyKid
68wmgw4x,MrSanderz
jn6l5rwx,Sorry_Buckaroo
j9ryp7oj,Chris_Tulmeth
j2wq306j,Flappyfish223
86n3m6px,its_grav
j2wqglnj,NamerB311
8dwe65mj,wookis
8grkowrx,jayjusits
jn3londx,JamyDodger619
x356nd7j,pinguforthewii
jokqzke8,Briand2010
8l3l5378,ComradeCreeper
8l4o212j,YeetifiedYT
8l4ovvrj,PersonTheHuman
8qr52roj,Vortex_Raid
8v59w7nj,BerryBoat
81qo905j,ljbirk6
j2w01pnj,notknowanything
j2wwd27j,marshmalloow
8wkwpgl8,WhiteS_
86n46r5x,Dragsling
xyr0rdmj,Legonator06
8162l55x,SlimeGuy914
8vkopqvj,kkreddit
j96kd3oj,Elway98
j03o3rmj,kidu
8q3q4roj,skwago
jnzzlodj,ItsMike21
jok70238,bday3bozag
8qrk3kqj,CR_crazy
x3qv696j,McBoiMallyYT
j0vy7ywx,imlost343
8l44llrj,TheEndDragon
jmppeqoj,PauLULW
j96g12wj,OwenRumans
jmoglm48,PremiumXro
xz7l45ej,AtTheSoupStore
86np1l5x,Krystal_Shade
8enzp968,masonmastervids
xk4mpr7j,Grondin_07
8vko6knj,ChristianWiese
8vk2kkej,NoOneLikesCali
8l4oqr4j,KotoKomiya
8gr5qmyx,Lawnboi
86n4220x,sliperYT
8en5v678,AgentSwawn
8w0nvwzj,BananaMan3000
864oq23j,vampireslayersrscary
8vr7on5x,MoonKnight_Pies
86n1dw3x,ILikeBloons
81632qpx,rynblueproducion14
jpm0wwyj,melonsaid
j2w1pglj,Suraimu
j51g43n8,Waggsworld5
v81rm75x,Tithedarkelf
jnz9062j,colpyc14
8grw6orx,joemama2
8ene2678,KlaytonThomasYT
x77gdgvx,Duckypro986
j40poz58,sheepd
xyr4yzyj,Indian_gamer2005
j96d4kvj,AstralToad
816le4lx,CalamitousEssence
8l6wlrr8,WestteamStrikers
8l4kw24j,klarkmuchisgood
j2qwpkpj,ducks4life
j9pzeorx,Idontthinkgreat
j92mvdr8,Yakieboncookie
xk4orr9j,IWillLiterally
xk41yg2j,boiwithadoge
xk1v9dmj,Jerryismynameorisit
j2w02moj,LenBen12345
xz71414j,BatidudeEX
x72y21v8,Distecus
8v264lej,NightCooky
8goez4rx,shmorgus
dx39yyqx,CosmoCat
v8len3vx,lTurtlesl
5j59016x,Marceline
8lpolv4j,SaveThePenguinzzz
8wkwvy48,Rhino97
8grrye1x,LasagnaVoid
j420wylx,ICantClutch
98rzv1dx,AdsMakat
8wl1yzqj,turtpet
xz57z70x,Getarez
8wl9pgqj,synf
dx3e0qjl,goofy358
8enw9568,xoTrent
8d30y0mx,TheGamerNEWB
jmo50qo8,MARTiAN88
8wl0nklj,ilive4airtime
j2qprlnj,OakDoor
8vk2k32j,Greentux
j2w06q6j,TwentyThree
18ve3m5j,Eighty_Bity
j03vv73j,Juggzy
v81k42qj,EndyPrince
8qrql50j,meepoman1
j03l57rj,SabiAndMax
j031gz3j,Peejy
j42vkl5x,MangoTurtle1312
8rpodggj,SourSw1ftYT
8gedm61j,Neonek1232
816p723x,Slasks
j5w75gzj,BloodyNoah
18qdy0xn,rileygotpb
48ggp6p8,drwillg1
18qwdq8n,b0ss.onion
816dw53x,Yoshi12345
8r77q1dj,mikaelakerfeldt
8gevpkrj,Gopher
x72nlrr8,OoscarTheProGamer
qxknzl9x,ryo31337
x72q4k68,DanielWealth
8qr6oq7j,Jollyc
j92zyow8,9Withers
v8l6prv8,Wurtweakle
j96lnkwj,mckinley
xy5p2nm8,marshalland
8geqg92j,MeepMan505
x357mvej,TravesScott
kjpqv3yx,TezLog
j2w1e67j,SpeedrunningDuck
8lryo2l8,Jimney55
j92wv978,Austamate
8d36om9x,Vegandonut
j0n25298,GradyIndie
816rm9qx,Rocketdoggy78
8g2l5prj,fchy0006
xz7gvqej,Causlycompertitive
j9676knj,potatoking5537
8gr0ek1x,JonahCraft7
x724v2r8,PeakShoe
8v62govx,JAS457
jopzrz7x,GO_G_GAME
816r95px,DiamondHuskyMC
j4rnmo58,LookAtMeMonkey
j42dmvwx,JessFMCS
kj90edoj,Silentboob
8qzg06w8,BlueberryMuffinns
jprq97y8,Blaze_ADAWG
j2yvo5n8,Asherthekid
8g21qopj,JoppeKoira
qj26ekox,Zourau
864kq4qj,Bigmoneystar
qxk7ky6j,Tatox3
x72mgv08,WolveVidz
98rylg6j,cheesepills
j96y9lvj,hgmarangon
jn25rlqj,Isuckatgaming2472
jnz7pe4j,TTVDippyCarcass
8e9qke2j,CrystallAura
xkm9ky6j,Thunderr
j03qoz4j,TheKarmaMonkey
zx77myyx,DomoDude
o863pgw8,Trent
8r7rm9wj,DolphinBoiYT
jp4wngyj,GrowTM
8d3pe0ox,VillainPL
8v2yl05j,EmiCar
8wk3wv48,TheOGDorkLord
v8143ll8,ZS45
8grn7l2x,Miiiiiii
8d37v2gx,dogelover5464
xk4oz72j,Mydude2_0
j2yokdn8,Cubed776
xk4n70mj,Lowzilla77
v81og0px,steago47
8v545gyj,MattSucksAtLife
8vo3w9ex,one2three4
v81ynvp8,FreeFood0
y8d20p5j,Ziir_Ghoma
jo39zvnj,potatochip2509
18vwoq5j,DoodlyDood
xyry95nj,Flamey02
xk4gklkj,Andrew1124
jnzg3k1j,hoodedmerganser54
jmokqdz8,tmonkeyg
j0npy1m8,AvatarPapi
jn3y351x,Jackwasneverthere
x72wm508,akivn
xy5el6y8,Stat02
8l40v72j,TripleB
8qry04qj,brysonbuzan
8gr4d67x,Ltrain
8qr6p3qj,Gamer_Ghoul
jp4png5j,MBSPEEDRUNNER
8vkk362j,346hipp
j96w057j,LenoraSwagSwagger
8q6nkmwj,CattyG
8v5lzr2j,Cocomonsta
jmp0wvyj,RamenNoodle323
jnzgnwqj,XCNR
x72eopr8,_mich
x35gyd2j,the_radish
8lpeq74j,Mercy101
8rpe193j,RedLiamDude
816k1vlx,KFCbigboy
8rpo29qj,GadoradeBottle
816k7g5x,frogchild
x7m4576x,Cloud42069
8e61o2pj,Speedyturbo
7j4105j1,Coldeggman
18q03edj,SuperM789
j42zokwx,wespoint7
jo3101nj,Taqqz
jnz0r21j,stankykong
pj0gr13x,SDGShawn
xz7yq24j,HecretaryBird
8r299mgx,Coltu7
j51r0168,Narutosfrog
8grqk21x,MannyFireYT
x3qy0p7j,OnlyTheRealist
xyr3wlmj,KyGuy090512lolalt
8eno29o8,Gabeoplaygameo
8qr54vqj,Galaxy72
8wlg3pvj,Riptid3
xyoo9zyj,buddder
8w901z3j,MrJazzyYT
jnz3ny1j,bunkm8
jmp6o4oj,END_XxpowerhousexX6
8wlm75qj,ArtistTaco
qjov54nx,nng_
8grr7prx,Swordo
18qr9mqj,Nick_
j2ype3n8,Ergostasiopaidi
jp46q4kj,Asuki15
jopp9yex,KatPlayz
xzy9om0j,Ishfish
jpr4ezy8,GamerMan426
8gz1ey1j,Mohammed555
x7q699q8,CK_Ghost557
8qzw3yd8,GMD_Capybara
86no405x,BP_plays
8w9g9ezj,SmockingKidz
8w9yrmzj,yuordadl20
jo33g00j,YoshiChris08
j5wq90zj,BameGoy
xy5e9mv8,DoctorCringe925
7j492wv8,s0r3
xy5nn6w8,DillThePill08
18qrqdwj,lucco17
v81653px,tcw1
814gmlr8,yee312
jmppewyj,Cannon1trick
j46m3dd8,KaundiKat
8eezppd8,Tjnelz7
joz3w938,CalvinatorIA
8100o75x,CrazyMoses123
j26g2dlx,A_Penguin
8voz30ex,MrHedgehog1565
8r23vmdx,zydras07
8qzmm5w8,Phineas_Tentacles
x76ov5vj,Joe7965
8qr3q30j,Luneist
x72w6l08,HeroJeff21
8v2m1lvj,zibigibi
8wknlz38,wingedhydra235
v8l7revj,pinkcustard2
xzlp7qr8,CraftFox06
j22104oj,PapaCharlieL
j2ynwrp8,Armoredwarrior
jmp3wkyj,AfraidEnd
jo2myz78,choppercat
jp6o0w08,HarleyCantAim
x35512qj,Kieron_
x72ygdy8,thespecificgamer
8eem7m68,XIAMY144
jnz9k5wj,BigGeorge
x35yd1qj,TTAM
8eogozpj,Calb_er
8l4log2j,Super_Bas
jmpd6g4j,cocohunter152
xyrvqwnj,grain_eater
jo35027j,Hyphen
jp9q23y8,Nylad99770
86vn91wj,SoapAgent
68w39y4j,RezzyBxy
j9663zwj,zotlas
v8l1327j,Aussie_Muffin
8dwq905j,thesindoorman
x7gv346x,johnnymalarkey
j59307qx,CreeperX_0000
j5qwg0qj,Schokomuh
j0vz16rx,MuggyDealer7330
8r7mg66j,Kazadure
8v75z3y8,CheezItFrog
8lopmnv8,Hippo62
jnz0wmdj,Litryt
xk49me2j,cocoface1
